<TICKER>,<DTYYYYMMDD>,<FIRST>,<HIGH>,<LOW>,<CLOSE>,<VALUE>,<VOL>,<OPENINT>,<PER>,<OPEN>,<LAST>
TreasuryBill230130,20240127, 0.00, 0.00, 0.00, 995130.00,0.00, 0,0,D,995130.00,995540.00
TreasuryBill230130,20240124, 0.00, 0.00, 0.00, 995130.00,0.00, 0,0,D,995130.00,995540.00
TreasuryBill230130,20240123, 0.00, 0.00, 0.00, 995130.00,0.00, 0,0,D,995130.00,995540.00
TreasuryBill230130,20240122, 0.00, 0.00, 0.00, 995130.00,0.00, 0,0,D,995130.00,995540.00
TreasuryBill230130,20240121, 0.00, 0.00, 0.00, 995130.00,0.00, 0,0,D,995130.00,995540.00
TreasuryBill230130,20240120, 0.00, 0.00, 0.00, 995130.00,0.00, 0,0,D,995130.00,995540.00
TreasuryBill230130,20240117, 0.00, 0.00, 0.00, 995130.00,0.00, 0,0,D,995130.00,995540.00
TreasuryBill230130,20240116, 0.00, 0.00, 0.00, 995130.00,0.00, 0,0,D,995130.00,995540.00
TreasuryBill230130,20240115, 0.00, 0.00, 0.00, 995130.00,0.00, 0,0,D,995130.00,995540.00
TreasuryBill230130,20240114, 0.00, 0.00, 0.00, 995130.00,0.00, 0,0,D,995130.00,995540.00
TreasuryBill230130,20240113, 0.00, 0.00, 0.00, 995130.00,0.00, 0,0,D,995130.00,995540.00
TreasuryBill230130,20240110, 0.00, 0.00, 0.00, 995130.00,0.00, 0,0,D,995130.00,995540.00
TreasuryBill230130,20240109, 0.00, 0.00, 0.00, 995130.00,0.00, 0,0,D,995130.00,995540.00
TreasuryBill230130,20240108, 0.00, 0.00, 0.00, 995130.00,0.00, 0,0,D,995130.00,995540.00
TreasuryBill230130,20240107, 0.00, 0.00, 0.00, 995130.00,0.00, 0,0,D,995130.00,995540.00
TreasuryBill230130,20240106, 0.00, 0.00, 0.00, 995130.00,0.00, 0,0,D,995130.00,995540.00
TreasuryBill230130,20240103, 0.00, 0.00, 0.00, 995130.00,0.00, 0,0,D,995130.00,995540.00
TreasuryBill230130,20240102, 0.00, 0.00, 0.00, 995130.00,0.00, 0,0,D,995130.00,995540.00
TreasuryBill230130,20240101, 0.00, 0.00, 0.00, 995130.00,0.00, 0,0,D,995130.00,995540.00
TreasuryBill230130,20231231, 0.00, 0.00, 0.00, 995130.00,0.00, 0,0,D,995130.00,995540.00
TreasuryBill230130,20231230, 0.00, 0.00, 0.00, 995130.00,0.00, 0,0,D,995130.00,995540.00
TreasuryBill230130,20231227, 0.00, 0.00, 0.00, 995130.00,0.00, 0,0,D,995130.00,995540.00
TreasuryBill230130,20231226, 0.00, 0.00, 0.00, 995130.00,0.00, 0,0,D,995130.00,995540.00
TreasuryBill230130,20231225, 0.00, 0.00, 0.00, 995130.00,0.00, 0,0,D,995130.00,995540.00
TreasuryBill230130,20231224, 0.00, 0.00, 0.00, 995130.00,0.00, 0,0,D,995130.00,995540.00
TreasuryBill230130,20231223, 0.00, 0.00, 0.00, 995130.00,0.00, 0,0,D,995130.00,995540.00
TreasuryBill230130,20231220, 0.00, 0.00, 0.00, 995130.00,0.00, 0,0,D,995130.00,995540.00
TreasuryBill230130,20231219, 0.00, 0.00, 0.00, 995130.00,0.00, 0,0,D,995130.00,995540.00
TreasuryBill230130,20231218, 0.00, 0.00, 0.00, 995130.00,0.00, 0,0,D,995130.00,995540.00
TreasuryBill230130,20231216, 0.00, 0.00, 0.00, 995130.00,0.00, 0,0,D,995130.00,995540.00
TreasuryBill230130,20231213, 0.00, 0.00, 0.00, 995130.00,0.00, 0,0,D,995130.00,995540.00
TreasuryBill230130,20231212, 0.00, 0.00, 0.00, 995130.00,0.00, 0,0,D,995130.00,995540.00
TreasuryBill230130,20231211, 0.00, 0.00, 0.00, 995130.00,0.00, 0,0,D,995130.00,995540.00
TreasuryBill230130,20231210, 0.00, 0.00, 0.00, 995130.00,0.00, 0,0,D,995130.00,995540.00
TreasuryBill230130,20231209, 0.00, 0.00, 0.00, 995130.00,0.00, 0,0,D,995130.00,995540.00
TreasuryBill230130,20231206, 0.00, 0.00, 0.00, 995130.00,0.00, 0,0,D,995130.00,995540.00
TreasuryBill230130,20231205, 0.00, 0.00, 0.00, 995130.00,0.00, 0,0,D,995130.00,995540.00
TreasuryBill230130,20231204, 0.00, 0.00, 0.00, 995130.00,0.00, 0,0,D,995130.00,995540.00
TreasuryBill230130,20231203, 0.00, 0.00, 0.00, 995130.00,0.00, 0,0,D,995130.00,995540.00
TreasuryBill230130,20231202, 0.00, 0.00, 0.00, 995130.00,0.00, 0,0,D,995130.00,995540.00
TreasuryBill230130,20231129, 0.00, 0.00, 0.00, 995130.00,0.00, 0,0,D,995130.00,995540.00
TreasuryBill230130,20231128, 0.00, 0.00, 0.00, 995130.00,0.00, 0,0,D,995130.00,995540.00
TreasuryBill230130,20231127, 0.00, 0.00, 0.00, 995130.00,0.00, 0,0,D,995130.00,995540.00
TreasuryBill230130,20231126, 0.00, 0.00, 0.00, 995130.00,0.00, 0,0,D,995130.00,995540.00
TreasuryBill230130,20231125, 0.00, 0.00, 0.00, 995130.00,0.00, 0,0,D,995130.00,995540.00
TreasuryBill230130,20231122, 0.00, 0.00, 0.00, 995130.00,0.00, 0,0,D,995130.00,995540.00
TreasuryBill230130,20231121, 0.00, 0.00, 0.00, 995130.00,0.00, 0,0,D,995130.00,995540.00
TreasuryBill230130,20231120, 0.00, 0.00, 0.00, 995130.00,0.00, 0,0,D,995130.00,995540.00
TreasuryBill230130,20231119, 0.00, 0.00, 0.00, 995130.00,0.00, 0,0,D,995130.00,995540.00
TreasuryBill230130,20231118, 0.00, 0.00, 0.00, 995130.00,0.00, 0,0,D,995130.00,995540.00
TreasuryBill230130,20231115, 0.00, 0.00, 0.00, 995130.00,0.00, 0,0,D,995130.00,995540.00
TreasuryBill230130,20231114, 0.00, 0.00, 0.00, 995130.00,0.00, 0,0,D,995130.00,995540.00
TreasuryBill230130,20231113, 0.00, 0.00, 0.00, 995130.00,0.00, 0,0,D,995130.00,995540.00
TreasuryBill230130,20231112, 0.00, 0.00, 0.00, 995130.00,0.00, 0,0,D,995130.00,995540.00
TreasuryBill230130,20231111, 0.00, 0.00, 0.00, 995130.00,0.00, 0,0,D,995130.00,995540.00
TreasuryBill230130,20231108, 0.00, 0.00, 0.00, 995130.00,0.00, 0,0,D,995130.00,995540.00
TreasuryBill230130,20231107, 0.00, 0.00, 0.00, 995130.00,0.00, 0,0,D,995130.00,995540.00
TreasuryBill230130,20231106, 0.00, 0.00, 0.00, 995130.00,0.00, 0,0,D,995130.00,995540.00
TreasuryBill230130,20231105, 0.00, 0.00, 0.00, 995130.00,0.00, 0,0,D,995130.00,995540.00
TreasuryBill230130,20231104, 0.00, 0.00, 0.00, 995130.00,0.00, 0,0,D,995130.00,995540.00
TreasuryBill230130,20231101, 0.00, 0.00, 0.00, 995130.00,0.00, 0,0,D,995130.00,995540.00
TreasuryBill230130,20231031, 0.00, 0.00, 0.00, 995130.00,0.00, 0,0,D,995130.00,995540.00
TreasuryBill230130,20231030, 0.00, 0.00, 0.00, 995130.00,0.00, 0,0,D,995130.00,995540.00
TreasuryBill230130,20231029, 0.00, 0.00, 0.00, 995130.00,0.00, 0,0,D,995130.00,995540.00
TreasuryBill230130,20231028, 0.00, 0.00, 0.00, 995130.00,0.00, 0,0,D,995130.00,995540.00
TreasuryBill230130,20231025, 0.00, 0.00, 0.00, 995130.00,0.00, 0,0,D,995130.00,995540.00
TreasuryBill230130,20231024, 0.00, 0.00, 0.00, 995130.00,0.00, 0,0,D,995130.00,995540.00
TreasuryBill230130,20231023, 0.00, 0.00, 0.00, 995130.00,0.00, 0,0,D,995130.00,995540.00
TreasuryBill230130,20231022, 0.00, 0.00, 0.00, 995130.00,0.00, 0,0,D,995130.00,995540.00
TreasuryBill230130,20231021, 0.00, 0.00, 0.00, 995130.00,0.00, 0,0,D,995130.00,995540.00
TreasuryBill230130,20231018, 0.00, 0.00, 0.00, 995130.00,0.00, 0,0,D,995130.00,995540.00
TreasuryBill230130,20231017, 0.00, 0.00, 0.00, 995130.00,0.00, 0,0,D,995130.00,995540.00
TreasuryBill230130,20231016, 0.00, 0.00, 0.00, 995130.00,0.00, 0,0,D,995130.00,995540.00
TreasuryBill230130,20231015, 0.00, 0.00, 0.00, 995130.00,0.00, 0,0,D,995130.00,995540.00
TreasuryBill230130,20231014, 0.00, 0.00, 0.00, 995130.00,0.00, 0,0,D,995130.00,995540.00
TreasuryBill230130,20231011, 0.00, 0.00, 0.00, 995130.00,0.00, 0,0,D,995130.00,995540.00
TreasuryBill230130,20231010, 0.00, 0.00, 0.00, 995130.00,0.00, 0,0,D,995130.00,995540.00
TreasuryBill230130,20231009, 0.00, 0.00, 0.00, 995130.00,0.00, 0,0,D,995130.00,995540.00
TreasuryBill230130,20231008, 0.00, 0.00, 0.00, 995130.00,0.00, 0,0,D,995130.00,995540.00
TreasuryBill230130,20231007, 0.00, 0.00, 0.00, 995130.00,0.00, 0,0,D,995130.00,995540.00
TreasuryBill230130,20231004, 0.00, 0.00, 0.00, 995130.00,0.00, 0,0,D,995130.00,995540.00
TreasuryBill230130,20231002, 0.00, 0.00, 0.00, 995130.00,0.00, 0,0,D,995130.00,995540.00
TreasuryBill230130,20231001, 0.00, 0.00, 0.00, 995130.00,0.00, 0,0,D,995130.00,995540.00
TreasuryBill230130,20230930, 0.00, 0.00, 0.00, 995130.00,0.00, 0,0,D,995130.00,995540.00
TreasuryBill230130,20230927, 0.00, 0.00, 0.00, 995130.00,0.00, 0,0,D,995130.00,995540.00
TreasuryBill230130,20230926, 0.00, 0.00, 0.00, 995130.00,0.00, 0,0,D,995130.00,995540.00
TreasuryBill230130,20230925, 0.00, 0.00, 0.00, 995130.00,0.00, 0,0,D,995130.00,995540.00
TreasuryBill230130,20230923, 0.00, 0.00, 0.00, 995130.00,0.00, 0,0,D,995130.00,995540.00
TreasuryBill230130,20230920, 0.00, 0.00, 0.00, 995130.00,0.00, 0,0,D,995130.00,995540.00
TreasuryBill230130,20230919, 0.00, 0.00, 0.00, 995130.00,0.00, 0,0,D,995130.00,995540.00
TreasuryBill230130,20230918, 0.00, 0.00, 0.00, 995130.00,0.00, 0,0,D,995130.00,995540.00
TreasuryBill230130,20230917, 0.00, 0.00, 0.00, 995130.00,0.00, 0,0,D,995130.00,995540.00
TreasuryBill230130,20230913, 0.00, 0.00, 0.00, 995130.00,0.00, 0,0,D,995130.00,995540.00
TreasuryBill230130,20230912, 0.00, 0.00, 0.00, 995130.00,0.00, 0,0,D,995130.00,995540.00
TreasuryBill230130,20230911, 0.00, 0.00, 0.00, 995130.00,0.00, 0,0,D,995130.00,995540.00
TreasuryBill230130,20230910, 0.00, 0.00, 0.00, 995130.00,0.00, 0,0,D,995130.00,995540.00
TreasuryBill230130,20230909, 0.00, 0.00, 0.00, 995130.00,0.00, 0,0,D,995130.00,995540.00
TreasuryBill230130,20230905, 0.00, 0.00, 0.00, 995130.00,0.00, 0,0,D,995130.00,995540.00
TreasuryBill230130,20230904, 0.00, 0.00, 0.00, 995130.00,0.00, 0,0,D,995130.00,995540.00
TreasuryBill230130,20230903, 0.00, 0.00, 0.00, 995130.00,0.00, 0,0,D,995130.00,995540.00
TreasuryBill230130,20230902, 0.00, 0.00, 0.00, 995130.00,0.00, 0,0,D,995130.00,995540.00
TreasuryBill230130,20230830, 0.00, 0.00, 0.00, 995130.00,0.00, 0,0,D,995130.00,995540.00
TreasuryBill230130,20230829, 0.00, 0.00, 0.00, 995130.00,0.00, 0,0,D,995130.00,995540.00
TreasuryBill230130,20230828, 0.00, 0.00, 0.00, 995130.00,0.00, 0,0,D,995130.00,995540.00
TreasuryBill230130,20230827, 0.00, 0.00, 0.00, 995130.00,0.00, 0,0,D,995130.00,995540.00
TreasuryBill230130,20230826, 0.00, 0.00, 0.00, 995130.00,0.00, 0,0,D,995130.00,995540.00
TreasuryBill230130,20230823, 0.00, 0.00, 0.00, 995130.00,0.00, 0,0,D,995130.00,995540.00
TreasuryBill230130,20230822, 0.00, 0.00, 0.00, 995130.00,0.00, 0,0,D,995130.00,995540.00
TreasuryBill230130,20230821, 0.00, 0.00, 0.00, 995130.00,0.00, 0,0,D,995130.00,995540.00
TreasuryBill230130,20230820, 0.00, 0.00, 0.00, 995130.00,0.00, 0,0,D,995130.00,995540.00
TreasuryBill230130,20230819, 0.00, 0.00, 0.00, 995130.00,0.00, 0,0,D,995130.00,995540.00
TreasuryBill230130,20230816, 0.00, 0.00, 0.00, 995130.00,0.00, 0,0,D,995130.00,995540.00
TreasuryBill230130,20230815, 0.00, 0.00, 0.00, 995130.00,0.00, 0,0,D,995130.00,995540.00
TreasuryBill230130,20230814, 0.00, 0.00, 0.00, 995130.00,0.00, 0,0,D,995130.00,995540.00
TreasuryBill230130,20230813, 0.00, 0.00, 0.00, 995130.00,0.00, 0,0,D,995130.00,995540.00
TreasuryBill230130,20230812, 0.00, 0.00, 0.00, 995130.00,0.00, 0,0,D,995130.00,995540.00
TreasuryBill230130,20230809, 0.00, 0.00, 0.00, 995130.00,0.00, 0,0,D,995130.00,995540.00
TreasuryBill230130,20230808, 0.00, 0.00, 0.00, 995130.00,0.00, 0,0,D,995130.00,995540.00
TreasuryBill230130,20230807, 0.00, 0.00, 0.00, 995130.00,0.00, 0,0,D,995130.00,995540.00
TreasuryBill230130,20230806, 0.00, 0.00, 0.00, 995130.00,0.00, 0,0,D,995130.00,995540.00
TreasuryBill230130,20230805, 0.00, 0.00, 0.00, 995130.00,0.00, 0,0,D,995130.00,995540.00
TreasuryBill230130,20230801, 0.00, 0.00, 0.00, 995130.00,0.00, 0,0,D,995130.00,995540.00
TreasuryBill230130,20230731, 0.00, 0.00, 0.00, 995130.00,0.00, 0,0,D,995130.00,995540.00
TreasuryBill230130,20230730, 0.00, 0.00, 0.00, 995130.00,0.00, 0,0,D,995130.00,995540.00
TreasuryBill230130,20230729, 0.00, 0.00, 0.00, 995130.00,0.00, 0,0,D,995130.00,995540.00
TreasuryBill230130,20230726, 0.00, 0.00, 0.00, 995130.00,0.00, 0,0,D,995130.00,995540.00
TreasuryBill230130,20230725, 0.00, 0.00, 0.00, 995130.00,0.00, 0,0,D,995130.00,995540.00
TreasuryBill230130,20230724, 0.00, 0.00, 0.00, 995130.00,0.00, 0,0,D,995130.00,995540.00
TreasuryBill230130,20230723, 0.00, 0.00, 0.00, 995130.00,0.00, 0,0,D,995130.00,995540.00
TreasuryBill230130,20230722, 0.00, 0.00, 0.00, 995130.00,0.00, 0,0,D,995130.00,995540.00
TreasuryBill230130,20230719, 0.00, 0.00, 0.00, 995130.00,0.00, 0,0,D,995130.00,995540.00
TreasuryBill230130,20230718, 0.00, 0.00, 0.00, 995130.00,0.00, 0,0,D,995130.00,995540.00
TreasuryBill230130,20230717, 0.00, 0.00, 0.00, 995130.00,0.00, 0,0,D,995130.00,995540.00
TreasuryBill230130,20230716, 0.00, 0.00, 0.00, 995130.00,0.00, 0,0,D,995130.00,995540.00
TreasuryBill230130,20230715, 0.00, 0.00, 0.00, 995130.00,0.00, 0,0,D,995130.00,995540.00
TreasuryBill230130,20230712, 0.00, 0.00, 0.00, 995130.00,0.00, 0,0,D,995130.00,995540.00
TreasuryBill230130,20230711, 0.00, 0.00, 0.00, 995130.00,0.00, 0,0,D,995130.00,995540.00
TreasuryBill230130,20230710, 0.00, 0.00, 0.00, 995130.00,0.00, 0,0,D,995130.00,995540.00
TreasuryBill230130,20230709, 0.00, 0.00, 0.00, 995130.00,0.00, 0,0,D,995130.00,995540.00
TreasuryBill230130,20230708, 0.00, 0.00, 0.00, 995130.00,0.00, 0,0,D,995130.00,995540.00
TreasuryBill230130,20230705, 0.00, 0.00, 0.00, 995130.00,0.00, 0,0,D,995130.00,995540.00
TreasuryBill230130,20230704, 0.00, 0.00, 0.00, 995130.00,0.00, 0,0,D,995130.00,995540.00
TreasuryBill230130,20230703, 0.00, 0.00, 0.00, 995130.00,0.00, 0,0,D,995130.00,995540.00
TreasuryBill230130,20230702, 0.00, 0.00, 0.00, 995130.00,0.00, 0,0,D,995130.00,995540.00
TreasuryBill230130,20230701, 0.00, 0.00, 0.00, 995130.00,0.00, 0,0,D,995130.00,995540.00
TreasuryBill230130,20230628, 0.00, 0.00, 0.00, 995130.00,0.00, 0,0,D,995130.00,995540.00
TreasuryBill230130,20230627, 0.00, 0.00, 0.00, 995130.00,0.00, 0,0,D,995130.00,995540.00
TreasuryBill230130,20230626, 0.00, 0.00, 0.00, 995130.00,0.00, 0,0,D,995130.00,995540.00
TreasuryBill230130,20230625, 0.00, 0.00, 0.00, 995130.00,0.00, 0,0,D,995130.00,995540.00
TreasuryBill230130,20230624, 0.00, 0.00, 0.00, 995130.00,0.00, 0,0,D,995130.00,995540.00
TreasuryBill230130,20230621, 0.00, 0.00, 0.00, 995130.00,0.00, 0,0,D,995130.00,995540.00
TreasuryBill230130,20230620, 0.00, 0.00, 0.00, 995130.00,0.00, 0,0,D,995130.00,995540.00
TreasuryBill230130,20230619, 0.00, 0.00, 0.00, 995130.00,0.00, 0,0,D,995130.00,995540.00
TreasuryBill230130,20230618, 0.00, 0.00, 0.00, 995130.00,0.00, 0,0,D,995130.00,995540.00
TreasuryBill230130,20230617, 0.00, 0.00, 0.00, 995130.00,0.00, 0,0,D,995130.00,995540.00
TreasuryBill230130,20230614, 0.00, 0.00, 0.00, 995130.00,0.00, 0,0,D,995130.00,995540.00
TreasuryBill230130,20230613, 0.00, 0.00, 0.00, 995130.00,0.00, 0,0,D,995130.00,995540.00
TreasuryBill230130,20230612, 0.00, 0.00, 0.00, 995130.00,0.00, 0,0,D,995130.00,995540.00
TreasuryBill230130,20230611, 0.00, 0.00, 0.00, 995130.00,0.00, 0,0,D,995130.00,995540.00
TreasuryBill230130,20230610, 0.00, 0.00, 0.00, 995130.00,0.00, 0,0,D,995130.00,995540.00
TreasuryBill230130,20230607, 0.00, 0.00, 0.00, 995130.00,0.00, 0,0,D,995130.00,995540.00
TreasuryBill230130,20230606, 0.00, 0.00, 0.00, 995130.00,0.00, 0,0,D,995130.00,995540.00
TreasuryBill230130,20230603, 0.00, 0.00, 0.00, 995130.00,0.00, 0,0,D,995130.00,995540.00
TreasuryBill230130,20230531, 0.00, 0.00, 0.00, 995130.00,0.00, 0,0,D,995130.00,995540.00
TreasuryBill230130,20230530, 0.00, 0.00, 0.00, 995130.00,0.00, 0,0,D,995130.00,995540.00
TreasuryBill230130,20230529, 0.00, 0.00, 0.00, 995130.00,0.00, 0,0,D,995130.00,995540.00
TreasuryBill230130,20230528, 0.00, 0.00, 0.00, 995130.00,0.00, 0,0,D,995130.00,995540.00
TreasuryBill230130,20230527, 0.00, 0.00, 0.00, 995130.00,0.00, 0,0,D,995130.00,995540.00
TreasuryBill230130,20230524, 0.00, 0.00, 0.00, 995130.00,0.00, 0,0,D,995130.00,995540.00
TreasuryBill230130,20230523, 0.00, 0.00, 0.00, 995130.00,0.00, 0,0,D,995130.00,995540.00
TreasuryBill230130,20230522, 0.00, 0.00, 0.00, 995130.00,0.00, 0,0,D,995130.00,995540.00
TreasuryBill230130,20230521, 0.00, 0.00, 0.00, 995130.00,0.00, 0,0,D,995130.00,995540.00
TreasuryBill230130,20230520, 0.00, 0.00, 0.00, 995130.00,0.00, 0,0,D,995130.00,995540.00
TreasuryBill230130,20230517, 0.00, 0.00, 0.00, 995130.00,0.00, 0,0,D,995130.00,995540.00
TreasuryBill230130,20230515, 0.00, 0.00, 0.00, 995130.00,0.00, 0,0,D,995130.00,995540.00
TreasuryBill230130,20230514, 0.00, 0.00, 0.00, 995130.00,0.00, 0,0,D,995130.00,995540.00
TreasuryBill230130,20230513, 0.00, 0.00, 0.00, 995130.00,0.00, 0,0,D,995130.00,995540.00
TreasuryBill230130,20230510, 0.00, 0.00, 0.00, 995130.00,0.00, 0,0,D,995130.00,995540.00
TreasuryBill230130,20230509, 0.00, 0.00, 0.00, 995130.00,0.00, 0,0,D,995130.00,995540.00
TreasuryBill230130,20230508, 0.00, 0.00, 0.00, 995130.00,0.00, 0,0,D,995130.00,995540.00
TreasuryBill230130,20230507, 0.00, 0.00, 0.00, 995130.00,0.00, 0,0,D,995130.00,995540.00
TreasuryBill230130,20230506, 0.00, 0.00, 0.00, 995130.00,0.00, 0,0,D,995130.00,995540.00
TreasuryBill230130,20230503, 0.00, 0.00, 0.00, 995130.00,0.00, 0,0,D,995130.00,995540.00
TreasuryBill230130,20230502, 0.00, 0.00, 0.00, 995130.00,0.00, 0,0,D,995130.00,995540.00
TreasuryBill230130,20230501, 0.00, 0.00, 0.00, 995130.00,0.00, 0,0,D,995130.00,995540.00
TreasuryBill230130,20230430, 0.00, 0.00, 0.00, 995130.00,0.00, 0,0,D,995130.00,995540.00
TreasuryBill230130,20230429, 0.00, 0.00, 0.00, 995130.00,0.00, 0,0,D,995130.00,995540.00
TreasuryBill230130,20230426, 0.00, 0.00, 0.00, 995130.00,0.00, 0,0,D,995130.00,995540.00
TreasuryBill230130,20230425, 0.00, 0.00, 0.00, 995130.00,0.00, 0,0,D,995130.00,995540.00
TreasuryBill230130,20230424, 0.00, 0.00, 0.00, 995130.00,0.00, 0,0,D,995130.00,995540.00
TreasuryBill230130,20230419, 0.00, 0.00, 0.00, 995130.00,0.00, 0,0,D,995130.00,995540.00
TreasuryBill230130,20230418, 0.00, 0.00, 0.00, 995130.00,0.00, 0,0,D,995130.00,995540.00
TreasuryBill230130,20230417, 0.00, 0.00, 0.00, 995130.00,0.00, 0,0,D,995130.00,995540.00
TreasuryBill230130,20230416, 0.00, 0.00, 0.00, 995130.00,0.00, 0,0,D,995130.00,995540.00
TreasuryBill230130,20230415, 0.00, 0.00, 0.00, 995130.00,0.00, 0,0,D,995130.00,995540.00
TreasuryBill230130,20230411, 0.00, 0.00, 0.00, 995130.00,0.00, 0,0,D,995130.00,995540.00
TreasuryBill230130,20230410, 0.00, 0.00, 0.00, 995130.00,0.00, 0,0,D,995130.00,995540.00
TreasuryBill230130,20230409, 0.00, 0.00, 0.00, 995130.00,0.00, 0,0,D,995130.00,995540.00
TreasuryBill230130,20230408, 0.00, 0.00, 0.00, 995130.00,0.00, 0,0,D,995130.00,995540.00
TreasuryBill230130,20230405, 0.00, 0.00, 0.00, 995130.00,0.00, 0,0,D,995130.00,995540.00
TreasuryBill230130,20230404, 0.00, 0.00, 0.00, 995130.00,0.00, 0,0,D,995130.00,995540.00
TreasuryBill230130,20230403, 0.00, 0.00, 0.00, 995130.00,0.00, 0,0,D,995130.00,995540.00
TreasuryBill230130,20230329, 0.00, 0.00, 0.00, 995130.00,0.00, 0,0,D,995130.00,995540.00
TreasuryBill230130,20230328, 0.00, 0.00, 0.00, 995130.00,0.00, 0,0,D,995130.00,995540.00
TreasuryBill230130,20230327, 0.00, 0.00, 0.00, 995130.00,0.00, 0,0,D,995130.00,995540.00
TreasuryBill230130,20230326, 0.00, 0.00, 0.00, 995130.00,0.00, 0,0,D,995130.00,995540.00
TreasuryBill230130,20230325, 0.00, 0.00, 0.00, 995130.00,0.00, 0,0,D,995130.00,995540.00
TreasuryBill230130,20230319, 0.00, 0.00, 0.00, 995130.00,0.00, 0,0,D,995130.00,995540.00
TreasuryBill230130,20230318, 0.00, 0.00, 0.00, 995130.00,0.00, 0,0,D,995130.00,995540.00
TreasuryBill230130,20230315, 0.00, 0.00, 0.00, 995130.00,0.00, 0,0,D,995130.00,995540.00
TreasuryBill230130,20230314, 0.00, 0.00, 0.00, 995130.00,0.00, 0,0,D,995130.00,995540.00
TreasuryBill230130,20230313, 0.00, 0.00, 0.00, 995130.00,0.00, 0,0,D,995130.00,995540.00
TreasuryBill230130,20230312, 0.00, 0.00, 0.00, 995130.00,0.00, 0,0,D,995130.00,995540.00
TreasuryBill230130,20230311, 0.00, 0.00, 0.00, 995130.00,0.00, 0,0,D,995130.00,995540.00
TreasuryBill230130,20230307, 0.00, 0.00, 0.00, 995130.00,0.00, 0,0,D,995130.00,995540.00
TreasuryBill230130,20230306, 0.00, 0.00, 0.00, 995130.00,0.00, 0,0,D,995130.00,995540.00
TreasuryBill230130,20230305, 0.00, 0.00, 0.00, 995130.00,0.00, 0,0,D,995130.00,995540.00
TreasuryBill230130,20230304, 0.00, 0.00, 0.00, 995130.00,0.00, 0,0,D,995130.00,995540.00
TreasuryBill230130,20230301, 0.00, 0.00, 0.00, 995130.00,0.00, 0,0,D,995130.00,995540.00
TreasuryBill230130,20230228, 0.00, 0.00, 0.00, 995130.00,0.00, 0,0,D,995130.00,995540.00
TreasuryBill230130,20230227, 0.00, 0.00, 0.00, 995130.00,0.00, 0,0,D,995130.00,995540.00
TreasuryBill230130,20230226, 0.00, 0.00, 0.00, 995130.00,0.00, 0,0,D,995130.00,995540.00
TreasuryBill230130,20230225, 0.00, 0.00, 0.00, 995130.00,0.00, 0,0,D,995130.00,995540.00
TreasuryBill230130,20230222, 0.00, 0.00, 0.00, 995130.00,0.00, 0,0,D,995130.00,995540.00
TreasuryBill230130,20230221, 0.00, 0.00, 0.00, 995130.00,0.00, 0,0,D,995130.00,995540.00
TreasuryBill230130,20230220, 0.00, 0.00, 0.00, 995130.00,0.00, 0,0,D,995130.00,995540.00
TreasuryBill230130,20230219, 0.00, 0.00, 0.00, 995130.00,0.00, 0,0,D,995130.00,995540.00
TreasuryBill230130,20230215, 0.00, 0.00, 0.00, 995130.00,0.00, 0,0,D,995130.00,995540.00
TreasuryBill230130,20230214, 0.00, 0.00, 0.00, 995130.00,0.00, 0,0,D,995130.00,995540.00
TreasuryBill230130,20230213, 0.00, 0.00, 0.00, 995130.00,0.00, 0,0,D,995130.00,995540.00
TreasuryBill230130,20230212, 0.00, 0.00, 0.00, 995130.00,0.00, 0,0,D,995130.00,995540.00
TreasuryBill230130,20230208, 0.00, 0.00, 0.00, 995130.00,0.00, 0,0,D,995130.00,995540.00
TreasuryBill230130,20230207, 0.00, 0.00, 0.00, 995130.00,0.00, 0,0,D,995130.00,995540.00
TreasuryBill230130,20230206, 0.00, 0.00, 0.00, 995130.00,0.00, 0,0,D,995130.00,995540.00
TreasuryBill230130,20230205, 0.00, 0.00, 0.00, 995130.00,0.00, 0,0,D,995130.00,995540.00
TreasuryBill230130,20230201, 0.00, 0.00, 0.00, 995130.00,0.00, 0,0,D,995130.00,995540.00
TreasuryBill230130,20230131, 0.00, 0.00, 0.00, 995130.00,0.00, 0,0,D,995130.00,995540.00
TreasuryBill230130,20230130, 0.00, 0.00, 0.00, 995130.00,0.00, 0,0,D,995130.00,995540.00
TreasuryBill230130,20230129, 0.00, 0.00, 0.00, 995130.00,0.00, 0,0,D,995130.00,995540.00
TreasuryBill230130,20230128, 0.00, 0.00, 0.00, 995130.00,0.00, 0,0,D,995130.00,995540.00
TreasuryBill230130,20230125, 0.00, 0.00, 0.00, 995130.00,0.00, 0,0,D,995130.00,995540.00
TreasuryBill230130,20230124, 993340.00, 996500.00, 993340.00, 995130.00,62892253000.00, 63200,52,D,992770.00,995540.00
TreasuryBill230130,20230123, 992040.00, 993490.00, 992040.00, 992770.00,13600909000.00, 13700,32,D,993150.00,993270.00
TreasuryBill230130,20230122, 992000.00, 996190.00, 992000.00, 993150.00,5363025000.00, 5400,10,D,992340.00,996190.00
TreasuryBill230130,20230121, 990980.00, 993000.00, 990980.00, 992340.00,13396614000.00, 13500,16,D,990970.00,993000.00
TreasuryBill230130,20230118, 990000.00, 991500.00, 990000.00, 990970.00,13873621000.00, 14000,33,D,990050.00,990820.00
TreasuryBill230130,20230117, 989600.00, 991000.00, 989600.00, 990050.00,3564193000.00, 3600,13,D,989660.00,991000.00
TreasuryBill230130,20230116, 988500.00, 990010.00, 988500.00, 989660.00,4849334000.00, 4900,15,D,989250.00,990010.00
TreasuryBill230130,20230115, 0.00, 0.00, 0.00, 989250.00,0.00, 0,0,D,989250.00,989400.00
TreasuryBill230130,20230114, 989500.00, 990000.00, 989000.00, 989250.00,79436420000.00, 80300,29,D,988050.00,989400.00
TreasuryBill230130,20230111, 987160.00, 990000.00, 986400.00, 988050.00,14030273000.00, 14200,17,D,987000.00,986400.00
TreasuryBill230130,20230110, 985030.00, 990000.00, 985030.00, 987000.00,9179091000.00, 9300,30,D,985900.00,986300.00
TreasuryBill230130,20230109, 985500.00, 987000.00, 985200.00, 985900.00,8971698000.00, 9100,16,D,985120.00,987000.00
TreasuryBill230130,20230108, 985990.00, 986840.00, 985000.00, 985120.00,7289877000.00, 7400,5,D,983600.00,986840.00
TreasuryBill230130,20230107, 982520.00, 985000.00, 982520.00, 983600.00,16426170000.00, 16700,22,D,983500.00,984200.00
TreasuryBill230130,20230104, 983400.00, 983800.00, 982500.00, 983500.00,23505602000.00, 23900,31,D,981910.00,983500.00
TreasuryBill230130,20230103, 982000.00, 982500.00, 981200.00, 981910.00,5302290000.00, 5400,10,D,980780.00,982200.00
TreasuryBill230130,20230102, 980200.00, 982200.00, 980010.00, 980780.00,30698541000.00, 31300,16,D,979720.00,982200.00
TreasuryBill230130,20230101, 979100.00, 981500.00, 979080.00, 979720.00,50455430000.00, 51500,17,D,978280.00,979620.00
TreasuryBill230130,20221231, 976000.00, 980000.00, 976000.00, 978280.00,46957475000.00, 48000,69,D,976050.00,978670.00
TreasuryBill230130,20221228, 977000.00, 977010.00, 974110.00, 976050.00,12883840000.00, 13200,36,D,975700.00,977010.00
TreasuryBill230130,20221226, 974000.00, 977000.00, 974000.00, 975700.00,78153832000.00, 80100,40,D,973860.00,976400.00
TreasuryBill230130,20221225, 975000.00, 975000.00, 972560.00, 973860.00,11686323000.00, 12000,47,D,974350.00,973550.00
TreasuryBill230130,20221224, 973500.00, 974930.00, 973230.00, 974350.00,42968735000.00, 44100,54,D,971760.00,974510.00
TreasuryBill230130,20221221, 972000.00, 973990.00, 971600.00, 971760.00,59860302000.00, 61600,37,D,970410.00,973500.00
TreasuryBill230130,20221220, 968200.00, 972500.00, 968200.00, 970410.00,7084001000.00, 7300,17,D,969960.00,972490.00
TreasuryBill230130,20221219, 969330.00, 971100.00, 969320.00, 969960.00,108053802000.00, 111400,44,D,968580.00,970010.00
TreasuryBill230130,20221218, 967600.00, 969970.00, 967400.00, 968580.00,11526105000.00, 11900,27,D,969520.00,969010.00
TreasuryBill230130,20221217, 969130.00, 970000.00, 968200.00, 969520.00,146203133000.00, 150800,58,D,968200.00,969740.00
TreasuryBill230130,20221214, 967300.00, 969900.00, 967000.00, 968200.00,133804772000.00, 138200,38,D,968810.00,969900.00
TreasuryBill230130,20221213, 968760.00, 969000.00, 964200.00, 968810.00,48537557000.00, 50100,38,D,968720.00,964200.00
TreasuryBill230130,20221212, 969000.00, 969000.00, 968200.00, 968720.00,36908159000.00, 38100,13,D,968630.00,968990.00
TreasuryBill230130,20221211, 968510.00, 969000.00, 968000.00, 968630.00,102093272000.00, 105400,17,D,968470.00,969000.00
TreasuryBill230130,20221210, 968000.00, 968880.00, 968000.00, 968470.00,100043027000.00, 103300,32,D,966000.00,968300.00
TreasuryBill230130,20221207, 965800.00, 967000.00, 965800.00, 966000.00,97952700000.00, 101400,16,D,965080.00,966500.00
TreasuryBill230130,20221206, 965100.00, 965300.00, 965020.00, 965080.00,7141625000.00, 7400,8,D,964590.00,965020.00
TreasuryBill230130,20221205, 964610.00, 964610.00, 964580.00, 964590.00,9163648000.00, 9500,22,D,964060.00,964580.00
TreasuryBill230130,20221204, 964110.00, 964500.00, 964050.00, 964060.00,10701113000.00, 11100,7,D,963360.00,964050.00
TreasuryBill230130,20221203, 963800.00, 964000.00, 963340.00, 963360.00,99130032000.00, 102900,18,D,961370.00,963340.00
TreasuryBill230130,20221130, 961520.00, 965800.00, 961000.00, 961370.00,97194603000.00, 101100,14,D,960860.00,965800.00
TreasuryBill230130,20221129, 960870.00, 961000.00, 960860.00, 960860.00,114054236000.00, 118700,25,D,960980.00,961000.00
TreasuryBill230130,20221128, 960020.00, 961500.00, 960010.00, 960980.00,131462443000.00, 136800,38,D,960030.00,960800.00
TreasuryBill230130,20221127, 960290.00, 963000.00, 959620.00, 960030.00,160709693000.00, 167400,50,D,958000.00,963000.00
TreasuryBill230130,20221126, 958000.00, 958120.00, 958000.00, 958000.00,97332945000.00, 101600,8,D,957600.00,958110.00
TreasuryBill230130,20221123, 957190.00, 957920.00, 957160.00, 957600.00,105048915000.00, 109700,33,D,957540.00,957540.00
TreasuryBill230130,20221122, 958000.00, 958000.00, 956560.00, 957540.00,88093322000.00, 92000,25,D,957530.00,957800.00
TreasuryBill230130,20221121, 958110.00, 958110.00, 957010.00, 957530.00,114233805000.00, 119300,33,D,957250.00,957420.00
TreasuryBill230130,20221120, 957520.00, 961590.00, 956320.00, 957250.00,100223605000.00, 104700,21,D,956950.00,956950.00
TreasuryBill230130,20221119, 956940.00, 956960.00, 956940.00, 956950.00,1626821000.00, 1700,17,D,955330.00,956940.00
TreasuryBill230130,20221116, 955190.00, 961000.00, 955190.00, 955330.00,16145035000.00, 16900,22,D,954600.00,955190.00
TreasuryBill230130,20221115, 954600.00, 954600.00, 954600.00, 954600.00,5345760000.00, 5600,12,D,953990.00,954600.00
TreasuryBill230130,20221114, 954030.00, 954100.00, 953310.00, 953990.00,198715321000.00, 208300,31,D,953440.00,954020.00
TreasuryBill230130,20221113, 953440.00, 953450.00, 953430.00, 953440.00,2097560000.00, 2200,8,D,952850.00,953430.00
TreasuryBill230130,20221112, 952850.00, 953990.00, 952200.00, 952850.00,115104360000.00, 120800,28,D,951110.00,952850.00
TreasuryBill230130,20221109, 951110.00, 951140.00, 951110.00, 951110.00,19307631000.00, 20300,30,D,949130.00,951120.00
TreasuryBill230130,20221108, 949000.00, 949160.00, 949000.00, 949130.00,3037207000.00, 3200,14,D,949030.00,949150.00
TreasuryBill230130,20221107, 950010.00, 950010.00, 949000.00, 949030.00,69658736000.00, 73400,18,D,949830.00,949150.00
TreasuryBill230130,20221106, 944090.00, 950010.00, 944090.00, 949830.00,31154468000.00, 32800,6,D,949110.00,950010.00
TreasuryBill230130,20221105, 948790.00, 951000.00, 948780.00, 949110.00,80579610000.00, 84900,20,D,947280.00,949000.00
TreasuryBill230130,20221102, 947110.00, 950000.00, 947100.00, 947280.00,60626192000.00, 64000,13,D,946540.00,950000.00
TreasuryBill230130,20221101, 946460.00, 949000.00, 946460.00, 946540.00,65878899000.00, 69600,16,D,945870.00,946460.00
TreasuryBill230130,20221031, 945890.00, 948000.00, 944600.00, 945870.00,88817372000.00, 93900,29,D,944770.00,945890.00
TreasuryBill230130,20221030, 951000.00, 951000.00, 944000.00, 944770.00,104302712000.00, 110400,38,D,944840.00,945000.00
TreasuryBill230130,20221029, 944740.00, 945000.00, 944730.00, 944840.00,6046975000.00, 6400,10,D,945080.00,944730.00
TreasuryBill230130,20221026, 944990.00, 946700.00, 944990.00, 945080.00,10206885000.00, 10800,17,D,944490.00,945000.00
TreasuryBill230130,20221025, 944430.00, 944500.00, 944430.00, 944490.00,20495328000.00, 21700,11,D,944630.00,944430.00
TreasuryBill230130,20221024, 943880.00, 945500.00, 943880.00, 944630.00,77365087000.00, 81900,19,D,943470.00,943880.00
TreasuryBill230130,20221023, 940160.00, 944800.00, 940160.00, 943470.00,57740571000.00, 61200,5,D,944850.00,943500.00
TreasuryBill230130,20221022, 944850.00, 944870.00, 944850.00, 944850.00,54990333000.00, 58200,8,D,944280.00,944860.00
TreasuryBill230130,20221019, 942210.00, 944400.00, 942200.00, 944280.00,75542257000.00, 80000,35,D,943220.00,944400.00
TreasuryBill230130,20221018, 942800.00, 943600.00, 942800.00, 943220.00,331920450000.00, 351900,13,D,942340.00,943000.00
TreasuryBill230130,20221017, 942400.00, 942500.00, 942250.00, 942340.00,26573935000.00, 28200,28,D,942150.00,942430.00
TreasuryBill230130,20221016, 941900.00, 942300.00, 941900.00, 942150.00,16110697000.00, 17100,19,D,941990.00,942030.00
TreasuryBill230130,20221015, 942000.00, 942000.00, 941200.00, 941990.00,96742675000.00, 102700,16,D,940160.00,941200.00
TreasuryBill230130,20221012, 939520.00, 940500.00, 939520.00, 940160.00,2444406000.00, 2600,17,D,938670.00,939900.00
TreasuryBill230130,20221011, 932370.00, 940000.00, 932370.00, 938670.00,22715846000.00, 24200,15,D,938980.00,939900.00
TreasuryBill230130,20221010, 938450.00, 940500.00, 938450.00, 938980.00,14178620000.00, 15100,10,D,938550.00,938960.00
TreasuryBill230130,20221009, 939000.00, 940300.00, 937950.00, 938550.00,156268257000.00, 166500,19,D,938090.00,940300.00
TreasuryBill230130,20221008, 937410.00, 939500.00, 937390.00, 938090.00,99719225000.00, 106300,11,D,937160.00,939500.00
TreasuryBill230130,20221004, 936000.00, 938100.00, 936000.00, 937160.00,97090248000.00, 103600,9,D,937120.00,938100.00
TreasuryBill230130,20221003, 935710.00, 937200.00, 934910.00, 937120.00,102708004000.00, 109600,12,D,935740.00,937200.00
TreasuryBill230130,20221002, 935710.00, 935900.00, 935710.00, 935740.00,6175880000.00, 6600,13,D,935620.00,935710.00
TreasuryBill230130,20221001, 935500.00, 936500.00, 935500.00, 935620.00,4023150000.00, 4300,6,D,930190.00,935500.00
TreasuryBill230130,20220928, 929110.00, 934600.00, 929110.00, 930190.00,6325283000.00, 6800,7,D,930030.00,934600.00
TreasuryBill230130,20220926, 929100.00, 933000.00, 929100.00, 930030.00,10137359000.00, 10900,7,D,932920.00,931490.00
TreasuryBill230130,20220924, 931300.00, 933000.00, 931300.00, 932920.00,53176475000.00, 57000,12,D,930680.00,933000.00
TreasuryBill230130,20220921, 930000.00, 933000.00, 929830.00, 930680.00,6142518000.00, 6600,12,D,931210.00,933000.00
TreasuryBill230130,20220920, 932010.00, 932010.00, 930300.00, 931210.00,17041073000.00, 18300,8,D,930300.00,930300.00
TreasuryBill230130,20220919, 929900.00, 931500.00, 929900.00, 930300.00,25955479000.00, 27900,11,D,929060.00,930700.00
TreasuryBill230130,20220918, 937000.00, 937000.00, 929000.00, 929060.00,17373505000.00, 18700,10,D,927580.00,929900.00
TreasuryBill230130,20220914, 928600.00, 929000.00, 926950.00, 927580.00,68919519000.00, 74300,22,D,926990.00,928500.00
TreasuryBill230130,20220913, 928990.00, 928990.00, 926700.00, 926990.00,36337903000.00, 39200,18,D,926420.00,928600.00
TreasuryBill230130,20220912, 927800.00, 927800.00, 926200.00, 926420.00,3242460000.00, 3500,4,D,925340.00,926200.00
TreasuryBill230130,20220911, 925330.00, 925880.00, 925310.00, 925340.00,2313361000.00, 2500,10,D,925840.00,925880.00
TreasuryBill230130,20220910, 926000.00, 926000.00, 925100.00, 925840.00,59438970000.00, 64200,13,D,925530.00,925100.00
TreasuryBill230130,20220907, 925880.00, 926400.00, 923700.00, 925530.00,12031901000.00, 13000,13,D,923080.00,926400.00
TreasuryBill230130,20220906, 923000.00, 924500.00, 923000.00, 923080.00,8030835000.00, 8700,11,D,922390.00,924500.00
TreasuryBill230130,20220905, 923600.00, 923600.00, 922230.00, 922390.00,7655862000.00, 8300,9,D,922180.00,922230.00
TreasuryBill230130,20220904, 922000.00, 924800.00, 922000.00, 922180.00,14847070000.00, 16100,8,D,921170.00,924800.00
TreasuryBill230130,20220903, 921000.00, 923000.00, 921000.00, 921170.00,31504044000.00, 34200,11,D,920620.00,921520.00
TreasuryBill230130,20220831, 0.00, 0.00, 0.00, 920620.00,0.00, 0,0,D,920620.00,921400.00
TreasuryBill230130,20220830, 920000.00, 921400.00, 920000.00, 920620.00,6996699000.00, 7600,12,D,918870.00,921400.00
TreasuryBill230130,20220829, 918000.00, 919900.00, 918000.00, 918870.00,6523994000.00, 7100,4,D,918870.00,919900.00
TreasuryBill230130,20220828, 919200.00, 919200.00, 918210.00, 918870.00,7259041000.00, 7900,6,D,918110.00,918780.00
TreasuryBill230130,20220827, 917000.00, 919900.00, 917000.00, 918110.00,63717028000.00, 69400,20,D,917460.00,917990.00
TreasuryBill230130,20220824, 914010.00, 918000.00, 914010.00, 917460.00,6605705000.00, 7200,12,D,917000.00,918000.00
TreasuryBill230130,20220823, 916990.00, 917000.00, 916990.00, 917000.00,6694096000.00, 7300,6,D,917950.00,917000.00
TreasuryBill230130,20220822, 916000.00, 918970.00, 915200.00, 917950.00,33229634000.00, 36200,27,D,915020.00,918960.00
TreasuryBill230130,20220821, 915000.00, 916000.00, 914720.00, 915020.00,3385572000.00, 3700,8,D,914700.00,915000.00
TreasuryBill230130,20220820, 914420.00, 916000.00, 914400.00, 914700.00,102263475000.00, 111800,20,D,912950.00,914500.00
TreasuryBill230130,20220817, 913000.00, 914400.00, 912600.00, 912950.00,25106045000.00, 27500,9,D,913790.00,914400.00
TreasuryBill230130,20220816, 913500.00, 914900.00, 912500.00, 913790.00,46329391000.00, 50700,10,D,912210.00,912520.00
TreasuryBill230130,20220815, 912020.00, 913000.00, 912010.00, 912210.00,1368322000.00, 1500,4,D,911500.00,912010.00
TreasuryBill230130,20220814, 911250.00, 912490.00, 911250.00, 911500.00,69456142000.00, 76200,10,D,911190.00,912490.00
TreasuryBill230130,20220813, 911100.00, 912500.00, 911010.00, 911190.00,2733584000.00, 3000,8,D,909250.00,911500.00
TreasuryBill230130,20220810, 912000.00, 912000.00, 909110.00, 909250.00,91925003000.00, 101100,13,D,909640.00,909110.00
TreasuryBill230130,20220809, 908050.00, 911000.00, 908050.00, 909640.00,1546388000.00, 1700,8,D,907180.00,911000.00
TreasuryBill230130,20220806, 907500.00, 909000.00, 907000.00, 907180.00,115484249000.00, 127300,51,D,905510.00,907500.00
TreasuryBill230130,20220803, 905640.00, 906500.00, 905010.00, 905510.00,1629917000.00, 1800,8,D,905630.00,905500.00
TreasuryBill230130,20220802, 907000.00, 907000.00, 902550.00, 905630.00,4618722000.00, 5100,15,D,905070.00,905500.00
TreasuryBill230130,20220801, 905000.00, 906600.00, 904320.00, 905070.00,70504812000.00, 77900,19,D,904410.00,906600.00
TreasuryBill230130,20220731, 900500.00, 904900.00, 900500.00, 904410.00,26680180000.00, 29500,9,D,902950.00,904900.00
TreasuryBill230130,20220730, 907000.00, 907000.00, 901010.00, 902950.00,21490288000.00, 23800,12,D,902380.00,903110.00
TreasuryBill230130,20220727, 902000.00, 906500.00, 900630.00, 902380.00,16062332000.00, 17800,12,D,901470.00,906390.00
TreasuryBill230130,20220726, 901000.00, 902820.00, 898200.00, 901470.00,200486574000.00, 222400,30,D,900900.00,902680.00
TreasuryBill230130,20220725, 900890.00, 901670.00, 897000.00, 900900.00,188827858000.00, 209600,31,D,899250.00,901000.00
TreasuryBill230130,20220724, 898530.00, 900990.00, 897000.00, 899250.00,92712243000.00, 103100,18,D,900480.00,899250.00
TreasuryBill230130,20220723, 897000.00, 901100.00, 897000.00, 900480.00,17289302000.00, 19200,18,D,899860.00,901100.00
TreasuryBill230130,20220720, 899700.00, 899890.00, 898350.00, 899860.00,72258747000.00, 80300,10,D,899440.00,899890.00
TreasuryBill230130,20220719, 898500.00, 901520.00, 897800.00, 899440.00,115488529000.00, 128400,36,D,898080.00,897800.00
TreasuryBill230130,20220717, 898990.00, 899890.00, 897220.00, 898080.00,3771937000.00, 4200,11,D,898050.00,897990.00
TreasuryBill230130,20220716, 899880.00, 899880.00, 898000.00, 898050.00,10237745000.00, 11400,10,D,897090.00,899000.00
TreasuryBill230130,20220713, 897000.00, 897100.00, 897000.00, 897090.00,33730700000.00, 37600,11,D,896830.00,897000.00
TreasuryBill230130,20220712, 896500.00, 897500.00, 896500.00, 896830.00,120981905000.00, 134900,24,D,896410.00,896620.00
TreasuryBill230130,20220711, 896980.00, 899860.00, 895830.00, 896410.00,24113485000.00, 26900,20,D,895230.00,895900.00
TreasuryBill230130,20220709, 893990.00, 896000.00, 893990.00, 895230.00,45209260000.00, 50500,26,D,893330.00,895850.00
TreasuryBill230130,20220706, 893170.00, 894900.00, 893170.00, 893330.00,179113170000.00, 200500,14,D,893120.00,893400.00
TreasuryBill230130,20220705, 891330.00, 894900.00, 891330.00, 893120.00,98242961000.00, 110000,9,D,892290.00,894900.00
TreasuryBill230130,20220704, 893000.00, 895000.00, 892200.00, 892290.00,94493937000.00, 105900,17,D,891900.00,894900.00
TreasuryBill230130,20220703, 891700.00, 893000.00, 891700.00, 891900.00,99446712000.00, 111500,18,D,892550.00,892500.00
TreasuryBill230130,20220702, 890500.00, 893000.00, 890500.00, 892550.00,94342430000.00, 105700,12,D,890510.00,892500.00
TreasuryBill230130,20220629, 889500.00, 890900.00, 889500.00, 890510.00,91009961000.00, 102200,11,D,890260.00,890450.00
TreasuryBill230130,20220628, 888300.00, 891150.00, 888100.00, 890260.00,65256232000.00, 73300,17,D,889720.00,891150.00
TreasuryBill230130,20220627, 888980.00, 890670.00, 887800.00, 889720.00,1067667000.00, 1200,7,D,886770.00,890670.00
TreasuryBill230130,20220626, 884210.00, 888000.00, 884210.00, 886770.00,14631683000.00, 16500,16,D,884190.00,887000.00
TreasuryBill230130,20220625, 883970.00, 886000.00, 883630.00, 884190.00,110965999000.00, 125500,20,D,883970.00,884910.00
TreasuryBill230130,20220622, 883750.00, 885490.00, 883750.00, 883970.00,31027478000.00, 35100,8,D,883750.00,885490.00
TreasuryBill230130,20220621, 881960.00, 886990.00, 881300.00, 883750.00,86872381000.00, 98300,36,D,881990.00,883000.00
TreasuryBill230130,20220620, 880000.00, 882390.00, 880000.00, 881990.00,24254679000.00, 27500,25,D,883100.00,882100.00
TreasuryBill230130,20220619, 880200.00, 884690.00, 880010.00, 883100.00,23402062000.00, 26500,22,D,884800.00,883500.00
TreasuryBill230130,20220618, 881070.00, 887890.00, 881070.00, 884800.00,42381720000.00, 47900,23,D,883870.00,884990.00
TreasuryBill230130,20220615, 883000.00, 884000.00, 883000.00, 883870.00,33940504000.00, 38400,16,D,883590.00,884000.00
TreasuryBill230130,20220614, 882140.00, 884500.00, 882140.00, 883590.00,146499277000.00, 165800,18,D,882140.00,883010.00
TreasuryBill230130,20220613, 882500.00, 883000.00, 881560.00, 882140.00,27875519000.00, 31600,21,D,881540.00,881770.00
TreasuryBill230130,20220612, 881000.00, 883000.00, 880400.00, 881540.00,73608590000.00, 83500,10,D,880400.00,881950.00
TreasuryBill230130,20220611, 879800.00, 881490.00, 879620.00, 880400.00,109522271000.00, 124400,22,D,879250.00,880800.00
TreasuryBill230130,20220608, 879210.00, 883490.00, 879210.00, 879250.00,70867926000.00, 80600,17,D,879610.00,879210.00
TreasuryBill230130,20220607, 879220.00, 880000.00, 879210.00, 879610.00,26652040000.00, 30300,15,D,878890.00,879210.00
TreasuryBill230130,20220606, 878710.00, 879700.00, 878710.00, 878890.00,19335621000.00, 22000,22,D,876960.00,879210.00
TreasuryBill230130,20220601, 876810.00, 877700.00, 876810.00, 876960.00,91115664000.00, 103900,25,D,875670.00,877310.00
TreasuryBill230130,20220531, 875550.00, 877600.00, 875550.00, 875670.00,11558818000.00, 13200,10,D,874900.00,875710.00
TreasuryBill230130,20220530, 875000.00, 875490.00, 874750.00, 874900.00,4374499000.00, 5000,17,D,874500.00,874990.00
TreasuryBill230130,20220529, 873370.00, 874600.00, 873370.00, 874500.00,62264738000.00, 71200,16,D,874000.00,874220.00
TreasuryBill230130,20220528, 872890.00, 876000.00, 872890.00, 874000.00,9876148000.00, 11300,16,D,872610.00,875500.00
TreasuryBill230130,20220525, 871000.00, 876000.00, 871000.00, 872610.00,7155363000.00, 8200,19,D,871990.00,876000.00
TreasuryBill230130,20220524, 870970.00, 872500.00, 870970.00, 871990.00,68625684000.00, 78700,16,D,870680.00,872000.00
TreasuryBill230130,20220523, 867800.00, 871900.00, 867800.00, 870680.00,39441661000.00, 45300,34,D,867960.00,871000.00
TreasuryBill230130,20220522, 867300.00, 869000.00, 867280.00, 867960.00,6596469000.00, 7600,24,D,866770.00,869000.00
TreasuryBill230130,20220521, 865000.00, 868990.00, 865000.00, 866770.00,12568238000.00, 14500,10,D,869370.00,868990.00
TreasuryBill230130,20220518, 868200.00, 870000.00, 868000.00, 869370.00,70853364000.00, 81500,15,D,866370.00,868000.00
TreasuryBill230130,20220517, 864000.00, 868270.00, 864000.00, 866370.00,42278808000.00, 48800,24,D,868290.00,868270.00
TreasuryBill230130,20220516, 865000.00, 895890.00, 863010.00, 868290.00,66944964000.00, 77100,30,D,866050.00,867560.00
TreasuryBill230130,20220515, 866220.00, 866500.00, 864000.00, 866050.00,180916910000.00, 208900,37,D,866220.00,865430.00
TreasuryBill230130,20220514, 865000.00, 869000.00, 865000.00, 866220.00,98662356000.00, 113900,27,D,865300.00,866000.00
TreasuryBill230130,20220511, 853190.00, 869980.00, 853190.00, 865300.00,44043637000.00, 50900,28,D,865380.00,867000.00
TreasuryBill230130,20220510, 860060.00, 868000.00, 860050.00, 865380.00,8880528980.00, 10262,18,D,864970.00,866600.00
TreasuryBill230130,20220509, 863820.00, 867880.00, 863820.00, 864970.00,21580032350.00, 24949,16,D,865090.00,864590.00
TreasuryBill230130,20220508, 864700.00, 874000.00, 864660.00, 865090.00,10640603880.00, 12300,16,D,864520.00,864660.00
TreasuryBill230130,20220507, 863350.00, 865000.00, 863350.00, 864520.00,18811028920.00, 21759,33,D,863050.00,864510.00
TreasuryBill230130,20220502, 863050.00, 863100.00, 863050.00, 863050.00,22581716470.00, 26165,13,D,857220.00,863060.00
TreasuryBill230130,20220501, 859950.00, 861500.00, 853040.00, 857220.00,14908705740.00, 17392,24,D,859800.00,861500.00
TreasuryBill230130,20220430, 859550.00, 861400.00, 859550.00, 859800.00,35978126630.00, 41845,23,D,859740.00,859720.00
TreasuryBill230130,20220427, 858560.00, 860000.00, 858550.00, 859740.00,16937709340.00, 19701,29,D,858140.00,859550.00
TreasuryBill230130,20220426, 859000.00, 859000.00, 858070.00, 858140.00,4765255340.00, 5553,11,D,859180.00,859000.00
TreasuryBill230130,20220425, 857070.00, 861400.00, 857070.00, 859180.00,1447717190.00, 1685,13,D,856570.00,858530.00
TreasuryBill230130,20220424, 855550.00, 861900.00, 812960.00, 856570.00,17930553150.00, 20933,18,D,855740.00,856660.00
TreasuryBill230130,20220420, 855560.00, 859990.00, 855560.00, 855740.00,57415645180.00, 67095,22,D,855790.00,855790.00
TreasuryBill230130,20220419, 855810.00, 856500.00, 853110.00, 855790.00,106951317840.00, 124974,28,D,855460.00,856500.00
TreasuryBill230130,20220418, 854610.00, 855900.00, 854610.00, 855460.00,14252795230.00, 16661,28,D,855470.00,855810.00
TreasuryBill230130,20220417, 854310.00, 856000.00, 854310.00, 855470.00,98190341680.00, 114780,17,D,855260.00,855500.00
TreasuryBill230130,20220416, 860500.00, 860500.00, 855150.00, 855260.00,15254462620.00, 17836,22,D,854310.00,855510.00
TreasuryBill230130,20220413, 849460.00, 856000.00, 849460.00, 854310.00,9570024890.00, 11202,24,D,854260.00,854000.00
TreasuryBill230130,20220412, 854170.00, 854410.00, 854170.00, 854260.00,8788589040.00, 10288,12,D,853240.00,854410.00
TreasuryBill230130,20220411, 851070.00, 858490.00, 851070.00, 853240.00,7028983450.00, 8238,17,D,853180.00,858490.00
TreasuryBill230130,20220410, 853300.00, 853610.00, 852130.00, 853180.00,6277733500.00, 7358,24,D,853300.00,853510.00
TreasuryBill230130,20220409, 850570.00, 853900.00, 850570.00, 853300.00,41343216190.00, 48451,20,D,852830.00,853000.00
TreasuryBill230130,20220406, 851000.00, 862880.00, 850220.00, 852830.00,3708957030.00, 4349,14,D,852570.00,852930.00
TreasuryBill230130,20220405, 850000.00, 853900.00, 850000.00, 852570.00,38597594490.00, 45272,26,D,851120.00,853000.00
TreasuryBill230130,20220404, 847000.00, 852000.00, 847000.00, 851120.00,5450580320.00, 6404,9,D,848250.00,851240.00
TreasuryBill230130,20220403, 849000.00, 849000.00, 847700.00, 848250.00,26249122660.00, 30945,25,D,845170.00,848650.00
TreasuryBill230130,20220330, 845120.00, 845200.00, 845120.00, 845170.00,726848000.00, 860,5,D,842160.00,845200.00
TreasuryBill230130,20220329, 841520.00, 843900.00, 841520.00, 842160.00,24044372900.00, 28551,21,D,840640.00,843900.00
TreasuryBill230130,20220328, 0.00, 0.00, 0.00, 840640.00,0.00, 0,0,D,840640.00,841000.00
TreasuryBill230130,20220327, 840100.00, 842000.00, 840000.00, 840640.00,39373001440.00, 46837,25,D,841210.00,841000.00
TreasuryBill230130,20220326, 841010.00, 846900.00, 839300.00, 841210.00,4479428450.00, 5325,18,D,841810.00,839300.00
TreasuryBill230130,20220319, 836610.00, 845100.00, 836610.00, 841810.00,6082056930.00, 7225,10,D,835520.00,844500.00
TreasuryBill230130,20220316, 834660.00, 837000.00, 834620.00, 835520.00,64921417800.00, 77702,27,D,832000.00,836090.00
TreasuryBill230130,20220315, 810390.00, 834600.00, 810390.00, 832000.00,20983901670.00, 25221,29,D,833830.00,834600.00
TreasuryBill230130,20220314, 833800.00, 834000.00, 832570.00, 833830.00,40408165280.00, 48461,26,D,832570.00,833490.00
TreasuryBill230130,20220313, 833600.00, 833600.00, 830070.00, 832570.00,126330019330.00, 151735,52,D,832840.00,833600.00
TreasuryBill230130,20220312, 833000.00, 833650.00, 830010.00, 832840.00,120831208740.00, 145084,45,D,832900.00,833600.00
TreasuryBill230130,20220309, 830500.00, 833000.00, 830500.00, 832900.00,117175008810.00, 140684,40,D,831930.00,833000.00
TreasuryBill230130,20220308, 830520.00, 832500.00, 830520.00, 831930.00,103172672020.00, 124016,27,D,831600.00,832500.00
TreasuryBill230130,20220307, 833600.00, 833900.00, 830000.00, 831600.00,30433117260.00, 36596,34,D,833650.00,833800.00
TreasuryBill230130,20220306, 833800.00, 834500.00, 833000.00, 833650.00,60157204400.00, 72161,21,D,833330.00,833000.00
TreasuryBill230130,20220305, 830700.00, 838000.00, 830700.00, 833330.00,36879102130.00, 44255,24,D,831850.00,833900.00
TreasuryBill230130,20220302, 830180.00, 832000.00, 830180.00, 831850.00,52843067270.00, 63525,18,D,830280.00,832000.00
TreasuryBill230130,20220228, 830100.00, 830690.00, 830000.00, 830280.00,13999286960.00, 16861,17,D,830720.00,830270.00
TreasuryBill230130,20220227, 831000.00, 831920.00, 829110.00, 830720.00,9137954050.00, 11000,16,D,829960.00,830000.00
TreasuryBill230130,20220226, 828800.00, 831990.00, 828070.00, 829960.00,14168263520.00, 17071,26,D,826880.00,828650.00
TreasuryBill230130,20220223, 827980.00, 828000.00, 823290.00, 826880.00,87877806920.00, 106276,63,D,827010.00,828000.00
TreasuryBill230130,20220222, 827010.00, 827200.00, 827000.00, 827010.00,9806701580.00, 11858,12,D,825940.00,827200.00
TreasuryBill230130,20220221, 827900.00, 827900.00, 824530.00, 825940.00,13333931920.00, 16144,26,D,825820.00,826990.00
TreasuryBill230130,20220220, 826000.00, 826110.00, 823000.00, 825820.00,97025502460.00, 117490,29,D,825950.00,826110.00
TreasuryBill230130,20220219, 826000.00, 828900.00, 825870.00, 825950.00,6478717810.00, 7844,24,D,824310.00,825950.00
TreasuryBill230130,20220216, 815040.00, 827450.00, 815040.00, 824310.00,24783817360.00, 30066,44,D,821740.00,825920.00
TreasuryBill230130,20220214, 821000.00, 824000.00, 819000.00, 821740.00,9789332740.00, 11913,21,D,823540.00,823500.00
TreasuryBill230130,20220213, 820570.00, 824010.00, 820570.00, 823540.00,69017788020.00, 83806,35,D,823230.00,823500.00
TreasuryBill230130,20220212, 821030.00, 825900.00, 821020.00, 823230.00,11695695140.00, 14207,23,D,823650.00,823510.00
TreasuryBill230130,20220209, 822010.00, 823660.00, 822010.00, 823650.00,11155521960.00, 13544,22,D,822850.00,823640.00
TreasuryBill230130,20220208, 814430.00, 823020.00, 814430.00, 822850.00,31733192330.00, 38565,39,D,822890.00,823000.00
TreasuryBill230130,20220207, 821310.00, 823900.00, 821310.00, 822890.00,150029288130.00, 182320,42,D,820580.00,823000.00
TreasuryBill230130,20220206, 820000.00, 822900.00, 819430.00, 820580.00,40773050500.00, 49688,22,D,820680.00,821990.00
TreasuryBill230130,20220205, 820120.00, 821350.00, 820110.00, 820680.00,34036785000.00, 41474,42,D,820010.00,821320.00
TreasuryBill230130,20220202, 819500.00, 820120.00, 819500.00, 820010.00,2026251670.00, 2471,8,D,820240.00,820120.00
TreasuryBill230130,20220201, 820220.00, 820930.00, 818740.00, 820240.00,15303974460.00, 18658,25,D,820220.00,820920.00
TreasuryBill230130,20220131, 810570.00, 824490.00, 810560.00, 820220.00,75072560770.00, 91527,30,D,817300.00,819500.00
TreasuryBill230130,20220130, 817000.00, 819500.00, 815500.00, 817300.00,49540618150.00, 60615,49,D,815260.00,819500.00
TreasuryBill230130,20220129, 814500.00, 816990.00, 813210.00, 815260.00,6924825790.00, 8494,22,D,811860.00,816990.00
TreasuryBill230130,20220126, 811010.00, 815900.00, 811010.00, 811860.00,13942052690.00, 17173,21,D,811150.00,815400.00
TreasuryBill230130,20220125, 802220.00, 812400.00, 802000.00, 811150.00,32343100480.00, 39873,40,D,809230.00,812300.00
TreasuryBill230130,20220124, 809640.00, 813890.00, 802020.00, 809230.00,15183542320.00, 18763,39,D,810580.00,810500.00
TreasuryBill230130,20220123, 800510.00, 812590.00, 800510.00, 810580.00,144694327470.00, 178508,47,D,810340.00,811000.00
TreasuryBill230130,20220122, 809060.00, 814700.00, 809060.00, 810340.00,4550841700.00, 5616,38,D,810410.00,810600.00
TreasuryBill230130,20220119, 809920.00, 810500.00, 809200.00, 810410.00,36467574580.00, 44999,17,D,810390.00,810010.00
TreasuryBill230130,20220118, 810500.00, 811990.00, 809410.00, 810390.00,29108555150.00, 35919,55,D,810890.00,811920.00
TreasuryBill230130,20220117, 808050.00, 813960.00, 808050.00, 810890.00,20902310550.00, 25777,42,D,811090.00,811590.00
TreasuryBill230130,20220116, 809000.00, 815000.00, 807050.00, 811090.00,32900056430.00, 40563,49,D,809940.00,811900.00
TreasuryBill230130,20220115, 810000.00, 811700.00, 808120.00, 809940.00,88651565700.00, 109455,26,D,806860.00,811700.00
TreasuryBill230130,20220112, 806500.00, 808200.00, 804640.00, 806860.00,4730630400.00, 5863,16,D,804560.00,808200.00
TreasuryBill230130,20220111, 804000.00, 805890.00, 803130.00, 804560.00,12642015060.00, 15713,28,D,803650.00,805890.00
TreasuryBill230130,20220110, 803300.00, 804970.00, 803300.00, 803650.00,24582714110.00, 30589,27,D,803390.00,804970.00
TreasuryBill230130,20220109, 796010.00, 805770.00, 796010.00, 803390.00,23607693440.00, 29385,41,D,803520.00,803500.00
TreasuryBill230130,20220108, 800000.00, 807700.00, 800000.00, 803520.00,13031503830.00, 16218,39,D,799930.00,803980.00
TreasuryBill230130,20220105, 805480.00, 805480.00, 798270.00, 799930.00,25815424630.00, 32272,67,D,798090.00,801120.00
TreasuryBill230130,20220104, 795120.00, 799800.00, 795120.00, 798090.00,11048018930.00, 13843,21,D,794810.00,797990.00
TreasuryBill230130,20220103, 794100.00, 796010.00, 794100.00, 794810.00,13237554090.00, 16655,38,D,793780.00,796000.00
TreasuryBill230130,20220102, 793500.00, 797490.00, 793000.00, 793780.00,19119700630.00, 24087,53,D,791970.00,795300.00
TreasuryBill230130,20220101, 791620.00, 793300.00, 791600.00, 791970.00,51016965110.00, 64418,33,D,791030.00,793300.00
TreasuryBill230130,20211229, 790200.00, 793660.00, 790200.00, 791030.00,6546602890.00, 8276,28,D,790310.00,793620.00
TreasuryBill230130,20211228, 789940.00, 790890.00, 785340.00, 790310.00,81005889140.00, 102499,46,D,786670.00,790040.00
TreasuryBill230130,20211227, 785160.00, 788790.00, 785160.00, 786670.00,24027189080.00, 30543,32,D,784990.00,788000.00
TreasuryBill230130,20211226, 785000.00, 785200.00, 784300.00, 784990.00,31853404630.00, 40578,60,D,783840.00,785200.00
TreasuryBill230130,20211225, 782110.00, 785000.00, 782110.00, 783840.00,25815665540.00, 32935,55,D,782060.00,784900.00
TreasuryBill230130,20211222, 782000.00, 782700.00, 780410.00, 782060.00,100039059570.00, 127917,41,D,781971.00,782110.00
TreasuryBill230130,20211221, 781221.00, 783000.00, 781221.00, 781971.00,84419270128.00, 107957,24,D,781773.00,782000.00
TreasuryBill230130,20211220, 781154.00, 782020.00, 781000.00, 781773.00,103662365403.00, 132599,60,D,781154.00,781211.00
TreasuryBill230130,20211219, 778005.00, 782450.00, 778005.00, 781154.00,9366818978.00, 11991,31,D,782620.00,782430.00
TreasuryBill230130,20211218, 780001.00, 782950.00, 780001.00, 782620.00,121752975663.00, 155571,46,D,782690.00,782501.00
TreasuryBill230130,20211215, 783000.00, 783000.00, 781004.00, 782690.00,114867601196.00, 146760,17,D,781711.00,783000.00
TreasuryBill230130,20211214, 781679.00, 783900.00, 776001.00, 781711.00,149352120671.00, 191058,66,D,781679.00,783900.00
TreasuryBill230130,20211213, 782000.00, 782000.00, 780519.00, 781679.00,189537698541.00, 242475,56,D,781621.00,781650.00
TreasuryBill230130,20211212, 781510.00, 782648.00, 780530.00, 781621.00,99463607684.00, 127253,26,D,782591.00,780530.00
TreasuryBill230130,20211211, 780011.00, 783000.00, 780011.00, 782591.00,20460056005.00, 26144,42,D,781657.00,782601.00
TreasuryBill230130,20211208, 781511.00, 782500.00, 781511.00, 781657.00,19252218658.00, 24630,37,D,785048.00,782000.00
TreasuryBill230130,20211207, 783001.00, 786000.00, 783001.00, 785048.00,38168252833.00, 48619,29,D,785002.00,785990.00
TreasuryBill230130,20211206, 780565.00, 788000.00, 780565.00, 785002.00,151307639399.00, 192748,36,D,785753.00,783110.00
TreasuryBill230130,20211205, 785100.00, 786999.00, 785100.00, 785753.00,53566372992.00, 68172,44,D,785630.00,785920.00
TreasuryBill230130,20211204, 784400.00, 787600.00, 779701.00, 785630.00,84407358298.00, 107439,56,D,784403.00,781119.00
TreasuryBill230130,20211201, 782320.00, 785000.00, 782320.00, 784403.00,34389025070.00, 43841,21,D,781426.00,784001.00
TreasuryBill230130,20211130, 780467.00, 782401.00, 780466.00, 781426.00,15643374608.00, 20019,33,D,780467.00,782320.00
TreasuryBill230130,20211129, 777015.00, 783500.00, 777014.00, 780467.00,124136389098.00, 159054,47,D,779325.00,781000.00
TreasuryBill230130,20211128, 774660.00, 784000.00, 774659.00, 779325.00,57278800903.00, 73498,32,D,779775.00,778200.00
TreasuryBill230130,20211127, 773000.00, 784026.00, 772251.00, 779775.00,97435961186.00, 124954,58,D,776576.00,776121.00
TreasuryBill230130,20211124, 770825.00, 780000.00, 770825.00, 776576.00,72200591946.00, 92973,44,D,771084.00,780000.00
TreasuryBill230130,20211123, 770001.00, 772700.00, 770001.00, 771084.00,32284528263.00, 41869,28,D,770825.00,771101.00
TreasuryBill230130,20211122, 770215.00, 771001.00, 770215.00, 770825.00,20393718937.00, 26457,45,D,770089.00,770825.00
TreasuryBill230130,20211121, 770956.00, 770999.00, 758810.00, 770089.00,46085193365.00, 59844,62,D,770956.00,770400.00
TreasuryBill230130,20211120, 773000.00, 773000.00, 769049.00, 770956.00,52157496142.00, 67653,43,D,769918.00,771500.00
TreasuryBill230130,20211117, 770002.00, 770300.00, 769500.00, 769918.00,99203938968.00, 128850,53,D,770371.00,770300.00
TreasuryBill230130,20211116, 767515.00, 771000.00, 767513.00, 770371.00,136928129410.00, 177743,63,D,770098.00,770500.00
TreasuryBill230130,20211115, 768801.00, 771000.00, 768801.00, 770098.00,142944062643.00, 185618,52,D,770013.00,770000.00
TreasuryBill230130,20211114, 768652.00, 770900.00, 768652.00, 770013.00,80058263762.00, 103970,65,D,768652.00,769001.00
TreasuryBill230130,20211113, 765671.00, 769999.00, 765002.00, 768652.00,65242439261.00, 84879,55,D,768004.00,769500.00
TreasuryBill230130,20211110, 768101.00, 768697.00, 740000.00, 768004.00,47667731591.00, 62067,34,D,767907.00,768651.00
TreasuryBill230130,20211109, 767600.00, 769000.00, 767511.00, 767907.00,70732665890.00, 92111,42,D,767600.00,769000.00
TreasuryBill230130,20211108, 764602.00, 769000.00, 764602.00, 767600.00,89846103933.00, 117048,42,D,767557.00,769000.00
TreasuryBill230130,20211107, 766566.00, 768666.00, 766566.00, 767557.00,88258344485.00, 114986,44,D,768570.00,767700.00
TreasuryBill230130,20211106, 768201.00, 768997.00, 767001.00, 768570.00,142079408797.00, 184862,64,D,768071.00,768997.00
TreasuryBill230130,20211103, 768888.00, 769100.00, 761001.00, 768071.00,199031051555.00, 259131,67,D,768375.00,769000.00
TreasuryBill230130,20211102, 774061.00, 774061.00, 766996.00, 768375.00,133176250383.00, 173322,75,D,772471.00,774051.00
TreasuryBill230130,20211101, 768001.00, 778888.00, 767001.00, 772471.00,146826591621.00, 190074,72,D,775219.00,771046.00
TreasuryBill230130,20211031, 772802.00, 778000.00, 772802.00, 775219.00,105968542360.00, 136695,56,D,774138.00,774650.00
TreasuryBill230130,20211030, 771701.00, 777000.00, 771700.00, 774138.00,105378762393.00, 136124,90,D,772664.00,772610.00
TreasuryBill230130,20211027, 771000.00, 775000.00, 770000.00, 772664.00,156214962513.00, 202177,75,D,770959.00,772800.00
TreasuryBill230130,20211026, 769001.00, 774444.00, 769000.00, 770959.00,132547126103.00, 171925,84,D,770103.00,771000.00
TreasuryBill230130,20211025, 770000.00, 774222.00, 769000.00, 770103.00,103289305772.00, 134124,104,D,770015.00,770500.00
TreasuryBill230130,20211023, 761111.00, 773800.00, 758000.00, 770015.00,76614178793.00, 99497,85,D,770014.00,773800.00
TreasuryBill230130,20211020, 769999.00, 770390.00, 766550.00, 770014.00,194751119528.00, 252919,96,D,768903.00,770390.00
TreasuryBill230130,20211019, 768000.00, 769910.00, 767551.00, 768903.00,127634850316.00, 165996,52,D,768546.00,769000.00
TreasuryBill230130,20211018, 769880.00, 769901.00, 762201.00, 768546.00,241576938475.00, 314330,119,D,768071.00,769400.00
TreasuryBill230130,20211017, 759112.00, 769900.00, 759112.00, 768071.00,212094483664.00, 276139,105,D,769327.00,769891.00
TreasuryBill230130,20211016, 768276.00, 770000.00, 768276.00, 769327.00,128620005094.00, 167185,74,D,768958.00,769007.00
TreasuryBill230130,20211013, 761125.00, 769800.00, 761125.00, 768958.00,128097632323.00, 166586,60,D,768777.00,769401.00
TreasuryBill230130,20211012, 768263.00, 769000.00, 768263.00, 768777.00,56230684648.00, 73143,38,D,768959.00,768966.00
TreasuryBill230130,20211011, 768224.00, 769900.00, 768223.00, 768959.00,166841858009.00, 216971,77,D,768803.00,769500.00
TreasuryBill230130,20211010, 768200.00, 770700.00, 767014.00, 768803.00,78180298405.00, 101691,70,D,766957.00,770700.00
TreasuryBill230130,20211009, 767113.00, 768500.00, 762226.00, 766957.00,202204451633.00, 263645,98,D,767113.00,768300.00
TreasuryBill230130,20211006, 767113.00, 767113.00, 767111.00, 767113.00,60898775344.00, 79387,45,D,766859.00,767113.00
TreasuryBill230130,20211004, 765002.00, 768637.00, 765002.00, 766859.00,78836957665.00, 102805,52,D,765828.00,767999.00
TreasuryBill230130,20211003, 765001.00, 766989.00, 765000.00, 765828.00,55504900588.00, 72477,42,D,764711.00,765661.00
TreasuryBill230130,20211002, 763400.00, 766000.00, 755232.00, 764711.00,123540548065.00, 161552,78,D,763457.00,765500.00
TreasuryBill230130,20210929, 756012.00, 765000.00, 756012.00, 763457.00,77845105240.00, 101964,62,D,764257.00,765000.00
TreasuryBill230130,20210928, 760109.00, 764987.00, 760109.00, 764257.00,99418371550.00, 130085,85,D,763180.00,764245.00
TreasuryBill230130,20210926, 763100.00, 763500.00, 761941.00, 763180.00,77968007764.00, 102162,54,D,762519.00,763500.00
TreasuryBill230130,20210925, 761000.00, 763300.00, 757113.00, 762519.00,160374467388.00, 210322,111,D,761624.00,763003.00
TreasuryBill230130,20210922, 762000.00, 762600.00, 755566.00, 761624.00,104746093227.00, 137530,67,D,761085.00,761001.00
TreasuryBill230130,20210921, 762001.00, 762630.00, 755000.00, 761085.00,124476951544.00, 163552,98,D,762630.00,760000.00
TreasuryBill230130,20210920, 761000.00, 767000.00, 758600.00, 762630.00,155195923926.00, 203501,119,D,762107.00,761900.00
TreasuryBill230130,20210919, 759001.00, 765000.00, 758300.00, 762107.00,115291558645.00, 151280,92,D,761264.00,762500.00
TreasuryBill230130,20210918, 759001.00, 761899.00, 759001.00, 761264.00,102267424419.00, 134339,90,D,760329.00,760501.00
TreasuryBill230130,20210915, 759000.00, 761800.00, 757005.00, 760329.00,141214425180.00, 185728,96,D,757445.00,761800.00
TreasuryBill230130,20210914, 760900.00, 761700.00, 751600.00, 757445.00,160654863677.00, 212101,152,D,761402.00,761200.00
TreasuryBill230130,20210913, 761499.00, 762000.00, 760205.00, 761402.00,155480601301.00, 204203,87,D,761454.00,761800.00
TreasuryBill230130,20210912, 761439.00, 761990.00, 761000.00, 761454.00,327746551465.00, 430422,143,D,761439.00,761500.00
TreasuryBill230130,20210911, 760533.00, 762000.00, 760533.00, 761439.00,95271195084.00, 125120,76,D,761930.00,761405.00
TreasuryBill230130,20210908, 760902.00, 765000.00, 760902.00, 761930.00,50829107214.00, 66711,72,D,763709.00,761150.00
TreasuryBill230130,20210907, 760352.00, 766000.00, 760352.00, 763709.00,156858883084.00, 205391,125,D,762774.00,763000.00
TreasuryBill230130,20210906, 759602.00, 765500.00, 759602.00, 762774.00,139724149989.00, 183179,159,D,762177.00,762900.00
TreasuryBill230130,20210905, 761000.00, 765500.00, 759704.00, 762177.00,175405853754.00, 230138,141,D,761883.00,762000.00
TreasuryBill230130,20210904, 758166.00, 764000.00, 758166.00, 761883.00,307335844629.00, 403390,145,D,760432.00,761883.00
TreasuryBill230130,20210901, 758336.00, 763490.00, 757002.00, 760432.00,183534921639.00, 241356,122,D,759625.00,763490.00
TreasuryBill230130,20210831, 756669.00, 762000.00, 756669.00, 759625.00,181328472269.00, 238708,108,D,758080.00,762000.00
TreasuryBill230130,20210830, 756415.00, 762000.00, 754780.00, 758080.00,196081082111.00, 258655,98,D,758405.00,762000.00
TreasuryBill230130,20210829, 758000.00, 760000.00, 754001.00, 758405.00,214827387587.00, 283262,156,D,755478.00,756415.00
TreasuryBill230130,20210828, 760000.00, 760500.00, 750000.00, 755478.00,146404776556.00, 193791,116,D,759784.00,758122.00
TreasuryBill230130,20210825, 757001.00, 760980.00, 757001.00, 759784.00,132690221728.00, 174642,107,D,760237.00,760002.00
TreasuryBill230130,20210824, 751009.00, 760600.00, 751009.00, 760237.00,286790210481.00, 377238,93,D,760419.00,760000.00
TreasuryBill230130,20210823, 764890.00, 761945.00, 758000.00, 760419.00,188462233243.00, 247840,133,D,760550.00,760400.00
TreasuryBill230130,20210822, 759420.00, 763880.00, 758028.00, 760550.00,352072343365.00, 462918,194,D,759060.00,760910.00
TreasuryBill230130,20210815, 760350.00, 760350.00, 758522.00, 759060.00,67683127659.00, 89167,58,D,759930.00,759420.00
TreasuryBill230130,20210814, 757000.00, 763000.00, 755600.00, 759930.00,360810868799.00, 474795,133,D,757996.00,760350.00
TreasuryBill230130,20210811, 757220.00, 758880.00, 755169.00, 757996.00,103083665519.00, 135995,56,D,758340.00,757826.00
TreasuryBill230130,20210810, 754500.00, 759989.00, 754500.00, 758340.00,241340917688.00, 318249,82,D,756973.00,759000.00
TreasuryBill230130,20210809, 755000.00, 760000.00, 755000.00, 756973.00,121475950585.00, 160476,131,D,756948.00,757000.00
TreasuryBill230130,20210808, 754700.00, 758500.00, 754301.00, 756948.00,66313230363.00, 87606,63,D,755910.00,757100.00
TreasuryBill230130,20210807, 753255.00, 757880.00, 753222.00, 755910.00,114444834857.00, 151400,79,D,754233.00,755851.00
TreasuryBill230130,20210804, 752200.00, 755999.00, 752200.00, 754233.00,162020599139.00, 214815,99,D,752954.00,753220.00
TreasuryBill230130,20210803, 751300.00, 755000.00, 751000.00, 752954.00,149581840853.00, 198660,95,D,751330.00,752900.00
TreasuryBill230130,20210802, 751322.00, 752000.00, 751100.00, 751330.00,8368308380.00, 11138,20,D,751472.00,751500.00
TreasuryBill230130,20210801, 756800.00, 756800.00, 749029.00, 751472.00,49232706868.00, 65515,59,D,749774.00,752200.00
TreasuryBill230130,20210731, 746229.00, 751000.00, 746229.00, 749774.00,47085787638.00, 62800,47,D,747490.00,750600.00
TreasuryBill230130,20210728, 741609.00, 750000.00, 741609.00, 747490.00,114516977814.00, 153202,68,D,744177.00,749999.00
TreasuryBill230130,20210727, 739321.00, 747969.00, 739321.00, 744177.00,110958224526.00, 149102,81,D,743063.00,747969.00
TreasuryBill230130,20210726, 738222.00, 745000.00, 738222.00, 743063.00,166050132988.00, 223467,103,D,741323.00,744799.00
TreasuryBill230130,20210719, 740177.00, 742500.00, 740000.00, 741323.00,60629085426.00, 81785,92,D,740177.00,740853.00
TreasuryBill230130,20210718, 741000.00, 742023.00, 737500.00, 740177.00,226361685215.00, 305821,102,D,740601.00,740133.00
TreasuryBill230130,20210717, 738000.00, 742000.00, 738000.00, 740601.00,128416453136.00, 173395,56,D,742098.00,740003.00
TreasuryBill230130,20210714, 737000.00, 745000.00, 737000.00, 742098.00,83606265480.00, 112662,47,D,736565.00,741100.00
TreasuryBill230130,20210713, 734878.00, 740000.00, 734878.00, 736565.00,63329108446.00, 85979,63,D,734878.00,736901.00
TreasuryBill230130,20210712, 733001.00, 735600.00, 733001.00, 734878.00,110869513766.00, 150868,59,D,734956.00,735050.00
TreasuryBill230130,20210711, 733559.00, 736000.00, 733559.00, 734956.00,183316468633.00, 249425,112,D,735846.00,734800.00
TreasuryBill230130,20210710, 735011.00, 737000.00, 733666.00, 735846.00,127652390672.00, 173477,77,D,735740.00,736200.00
TreasuryBill230130,20210707, 734315.00, 737700.00, 734315.00, 735740.00,60308572651.00, 81970,64,D,734315.00,737700.00
TreasuryBill230130,20210706, 733750.00, 735500.00, 732155.00, 734315.00,152221301774.00, 207297,95,D,733360.00,735500.00
TreasuryBill230130,20210705, 733804.00, 735000.00, 731503.00, 733360.00,177797241450.00, 242442,103,D,733804.00,731600.00
TreasuryBill230130,20210704, 732001.00, 736000.00, 731411.00, 733804.00,104453391232.00, 142345,96,D,732033.00,733601.00
TreasuryBill230130,20210703, 731700.00, 733000.00, 731333.00, 732033.00,152535130887.00, 208372,89,D,731597.00,732999.00
TreasuryBill230130,20210630, 729555.00, 737995.00, 729555.00, 731597.00,99304796850.00, 135737,62,D,730655.00,737995.00
TreasuryBill230130,20210629, 728190.00, 732000.00, 728111.00, 730655.00,207398015195.00, 283852,100,D,730937.00,731001.00
TreasuryBill230130,20210628, 728000.00, 732001.00, 728000.00, 730937.00,58502744380.00, 80038,43,D,728453.00,732000.00
TreasuryBill230130,20210627, 720000.00, 729500.00, 720000.00, 728453.00,169396705601.00, 232543,100,D,727914.00,729500.00
TreasuryBill230130,20210626, 726600.00, 730051.00, 725001.00, 727914.00,72406336427.00, 99471,87,D,727794.00,725001.00
TreasuryBill230130,20210623, 728980.00, 729800.00, 726556.00, 727794.00,31210711337.00, 42884,59,D,728752.00,729800.00
TreasuryBill230130,20210622, 725901.00, 734999.00, 725900.00, 728752.00,40492395484.00, 55564,42,D,726260.00,732000.00
TreasuryBill230130,20210621, 724013.00, 726980.00, 724011.00, 726260.00,24931063712.00, 34328,27,D,725016.00,726980.00
TreasuryBill230130,20210620, 724000.00, 726000.00, 722574.00, 725016.00,51399319920.00, 70894,47,D,721870.00,725050.00
TreasuryBill230130,20210619, 719000.00, 730000.00, 719000.00, 721870.00,61566146917.00, 85287,60,D,720338.00,730000.00
TreasuryBill230130,20210616, 720559.00, 721840.00, 720000.00, 720338.00,67135514617.00, 93200,57,D,721283.00,721840.00
TreasuryBill230130,20210615, 720755.00, 721809.00, 720755.00, 721283.00,70001954688.00, 97052,48,D,721497.00,721201.00
TreasuryBill230130,20210614, 716121.00, 722500.00, 716121.00, 721497.00,153294991655.00, 212468,72,D,720985.00,722500.00
TreasuryBill230130,20210613, 730000.00, 730000.00, 719010.00, 720985.00,76216006601.00, 105711,83,D,720523.00,721600.00
TreasuryBill230130,20210612, 718113.00, 721800.00, 718111.00, 720523.00,127027471139.00, 176299,74,D,719746.00,721000.00
TreasuryBill230130,20210609, 719000.00, 720999.00, 718000.00, 719746.00,62026973027.00, 86179,52,D,719229.00,720980.00
TreasuryBill230130,20210608, 716011.00, 720999.00, 716011.00, 719229.00,107171637753.00, 149009,79,D,717672.00,720599.00
TreasuryBill230130,20210607, 716000.00, 719800.00, 714100.00, 717672.00,310737604841.00, 432980,165,D,717159.00,717210.00
TreasuryBill230130,20210602, 740000.00, 740000.00, 715016.00, 717159.00,102327103597.00, 142684,40,D,716069.00,716011.00
TreasuryBill230130,20210601, 710002.00, 717000.00, 710002.00, 716069.00,140760625941.00, 196574,97,D,716520.00,717000.00
TreasuryBill230130,20210531, 716676.00, 716985.00, 706010.00, 716520.00,183310920480.00, 255835,90,D,716676.00,711001.00
TreasuryBill230130,20210530, 716990.00, 717000.00, 716500.00, 716676.00,247564163660.00, 345434,107,D,716974.00,716520.00
TreasuryBill230130,20210529, 718000.00, 720000.00, 715059.00, 716974.00,119399135016.00, 166532,115,D,715059.00,720000.00
TreasuryBill230130,20210526, 714249.00, 717800.00, 713501.00, 715059.00,56953006226.00, 79648,58,D,714249.00,717500.00
TreasuryBill230130,20210525, 705099.00, 715700.00, 705099.00, 714249.00,80520856089.00, 112735,53,D,714279.00,715300.00
TreasuryBill230130,20210524, 714690.00, 715399.00, 700800.00, 714279.00,198798952338.00, 278321,62,D,710259.00,715399.00
TreasuryBill230130,20210523, 709001.00, 712800.00, 709001.00, 710259.00,62917577484.00, 88584,51,D,711096.00,712800.00
TreasuryBill230130,20210522, 714706.00, 714706.00, 708270.00, 711096.00,152744133624.00, 214801,87,D,708270.00,711899.00
TreasuryBill230130,20210519, 706000.00, 710000.00, 705001.00, 708270.00,90828565347.00, 128240,69,D,704363.00,707100.00
TreasuryBill230130,20210518, 700399.00, 705989.00, 700333.00, 704363.00,36572643576.00, 51923,55,D,703648.00,705111.00
TreasuryBill230130,20210517, 698032.00, 706000.00, 698032.00, 703648.00,129091185740.00, 183460,150,D,703258.00,703250.00
TreasuryBill230130,20210516, 700037.00, 704500.00, 700036.00, 703258.00,112386293081.00, 159808,71,D,704439.00,703900.00
TreasuryBill230130,20210515, 703300.00, 705000.00, 703300.00, 704439.00,99919771556.00, 141843,62,D,703328.00,705000.00
TreasuryBill230130,20210512, 703400.00, 704100.00, 698001.00, 703328.00,128950196414.00, 183343,75,D,703910.00,704100.00
TreasuryBill230130,20210511, 704600.00, 704600.00, 702238.00, 703910.00,111445194400.00, 158323,64,D,704545.00,702238.00
TreasuryBill230130,20210510, 704003.00, 705000.00, 704003.00, 704545.00,112698390415.00, 159959,75,D,704348.00,704545.00
TreasuryBill230130,20210509, 704000.00, 705000.00, 703553.00, 704348.00,100738035967.00, 143023,79,D,704493.00,705000.00
TreasuryBill230130,20210508, 702547.00, 705600.00, 702547.00, 704493.00,94335086019.00, 133905,121,D,704865.00,705600.00
TreasuryBill230130,20210505, 705990.00, 705990.00, 703521.00, 704865.00,105907401734.00, 150252,71,D,703804.00,704400.00
TreasuryBill230130,20210503, 703050.00, 705000.00, 702301.00, 703804.00,146180022923.00, 207700,101,D,703706.00,703351.00
TreasuryBill230130,20210502, 702510.00, 704898.00, 702510.00, 703706.00,71564084094.00, 101696,62,D,704266.00,704500.00
TreasuryBill230130,20210501, 704000.00, 705890.00, 703600.00, 704266.00,55050341281.00, 78167,87,D,704111.00,704130.00
TreasuryBill230130,20210428, 702002.00, 705400.00, 702002.00, 704111.00,38036803208.00, 54021,60,D,703942.00,703813.00
TreasuryBill230130,20210427, 702002.00, 704300.00, 702001.00, 703942.00,79184322867.00, 112487,73,D,703474.00,704000.00
TreasuryBill230130,20210426, 702001.00, 704900.00, 702001.00, 703474.00,63176916273.00, 89807,53,D,703809.00,702331.00
TreasuryBill230130,20210425, 700555.00, 705880.00, 700555.00, 703809.00,111251859705.00, 158071,123,D,703750.00,703289.00
TreasuryBill230130,20210424, 702001.00, 704869.00, 701891.00, 703750.00,202879202653.00, 288283,103,D,704869.00,702020.00
TreasuryBill230130,20210421, 693545.00, 707000.00, 693545.00, 704869.00,112872803480.00, 160133,95,D,704144.00,700222.00
TreasuryBill230130,20210420, 697001.00, 707339.00, 697001.00, 704144.00,174612836475.00, 247979,81,D,699919.00,704650.00
TreasuryBill230130,20210419, 695011.00, 703300.00, 695010.00, 699919.00,155581560130.00, 222285,190,D,699779.00,703280.00
TreasuryBill230130,20210418, 698000.00, 701888.00, 692909.00, 699779.00,78758716879.00, 112548,81,D,701000.00,694311.00
TreasuryBill230130,20210417, 701530.00, 704490.00, 698030.00, 701000.00,193858748309.00, 276546,123,D,702114.00,700000.00
TreasuryBill230130,20210414, 701002.00, 703500.00, 700255.00, 702114.00,61529084551.00, 87634,100,D,705180.00,703000.00
TreasuryBill230130,20210413, 704136.00, 706825.00, 700001.00, 705180.00,205756838569.00, 291779,93,D,707371.00,700001.00
TreasuryBill230130,20210412, 704200.00, 711000.00, 704051.00, 707371.00,336712378740.00, 476005,153,D,706614.00,710997.00
TreasuryBill230130,20210411, 704711.00, 709700.00, 703510.00, 706614.00,158123886455.00, 223777,85,D,705336.00,704713.00
TreasuryBill230130,20210410, 703077.00, 707000.00, 703077.00, 705336.00,103458701667.00, 146680,90,D,705563.00,704850.00
TreasuryBill230130,20210407, 704001.00, 707000.00, 703560.00, 705563.00,71353546440.00, 101130,55,D,705594.00,704501.00
TreasuryBill230130,20210406, 704000.00, 706500.00, 703400.00, 705594.00,74979269084.00, 106264,73,D,705589.00,703495.00
TreasuryBill230130,20210405, 703001.00, 707999.00, 702129.00, 705589.00,78131982818.00, 110733,66,D,703834.00,704135.00
TreasuryBill230130,20210404, 704001.00, 710000.00, 701888.00, 703834.00,117242631116.00, 166577,92,D,704479.00,703000.00
TreasuryBill230130,20210403, 702001.00, 705900.00, 701888.00, 704479.00,49326205877.00, 70018,42,D,702656.00,705900.00
TreasuryBill230130,20210331, 700000.00, 705899.00, 700000.00, 702656.00,70062534628.00, 99711,45,D,699931.00,702011.00
TreasuryBill230130,20210330, 697555.00, 705000.00, 697002.00, 699931.00,82110260323.00, 117312,48,D,699148.00,705000.00
TreasuryBill230130,20210328, 696491.00, 701000.00, 696204.00, 699148.00,48783754543.00, 69776,49,D,696491.00,697202.00
TreasuryBill230130,20210327, 688945.00, 701500.00, 685466.00, 696491.00,117173431958.00, 168234,92,D,693479.00,701000.00
TreasuryBill230130,20210317, 692000.00, 695000.00, 690602.00, 693479.00,48304314268.00, 69655,21,D,693055.00,695000.00
TreasuryBill230130,20210316, 687001.00, 700000.00, 687000.00, 693055.00,179300330857.00, 258710,135,D,688945.00,692000.00
TreasuryBill230130,20210315, 686000.00, 691500.00, 679504.00, 688945.00,488920271984.00, 709665,218,D,689118.00,687090.00
TreasuryBill230130,20210314, 687116.00, 693000.00, 673002.00, 689118.00,330159930311.00, 479105,212,D,690633.00,682500.00
TreasuryBill230130,20210313, 685000.00, 691002.00, 685000.00, 690633.00,160285545370.00, 232085,92,D,690888.00,690000.00
TreasuryBill230130,20210310, 689401.00, 692000.00, 689104.00, 690888.00,200642741854.00, 290413,59,D,689401.00,691743.00
TreasuryBill230130,20210309, 685202.00, 691278.00, 685202.00, 689401.00,143460948499.00, 208095,107,D,687977.00,689002.00
TreasuryBill230130,20210308, 683777.00, 690000.00, 683777.00, 687977.00,199169904524.00, 289501,133,D,687433.00,689000.00
TreasuryBill230130,20210307, 684057.00, 689000.00, 683002.00, 687433.00,231383210302.00, 336590,101,D,686393.00,686041.00
TreasuryBill230130,20210306, 682000.00, 689600.00, 682000.00, 686393.00,174868139566.00, 254764,124,D,684535.00,686004.00
TreasuryBill230130,20210303, 684000.00, 686000.00, 683641.00, 684535.00,76177166343.00, 111283,49,D,683561.00,686000.00
TreasuryBill230130,20210302, 675555.00, 685000.00, 675555.00, 683561.00,172434356664.00, 252259,112,D,682190.00,683331.00
TreasuryBill230130,20210301, 681000.00, 683988.00, 678085.00, 682190.00,117377624440.00, 172060,87,D,681590.00,682005.00
TreasuryBill230130,20210228, 682116.00, 683752.00, 679602.00, 681590.00,101051901824.00, 148259,87,D,683329.00,679602.00
TreasuryBill230130,20210227, 685050.00, 685100.00, 682116.00, 683329.00,75045915180.00, 109824,83,D,685073.00,682580.00
TreasuryBill230130,20210224, 683001.00, 687900.00, 683001.00, 685073.00,177862110106.00, 259625,109,D,685931.00,684554.00
TreasuryBill230130,20210223, 684500.00, 686489.00, 684500.00, 685931.00,162716604610.00, 237220,145,D,687679.00,686069.00
TreasuryBill230130,20210222, 679000.00, 699960.00, 676003.00, 687679.00,279772593738.00, 406836,180,D,682917.00,685000.00
TreasuryBill230130,20210221, 679000.00, 689983.00, 679000.00, 682917.00,299185993073.00, 438100,155,D,679001.00,680301.00
TreasuryBill230130,20210220, 674003.00, 680000.00, 674002.00, 679001.00,136322297267.00, 200769,84,D,678552.00,679750.00
TreasuryBill230130,20210217, 678685.00, 679197.00, 673001.00, 678552.00,91132239803.00, 134304,65,D,678685.00,678001.00
TreasuryBill230130,20210216, 684000.00, 684000.00, 676984.00, 678685.00,100072114606.00, 147450,73,D,681181.00,678000.00
TreasuryBill230130,20210215, 677007.00, 683000.00, 677007.00, 681181.00,139560412541.00, 204880,81,D,678223.00,681600.00
TreasuryBill230130,20210214, 690000.00, 690000.00, 670001.00, 678223.00,149388904798.00, 220265,125,D,680860.00,680000.00
TreasuryBill230130,20210213, 690000.00, 690000.00, 674401.00, 680860.00,244195091574.00, 358657,173,D,697478.00,678000.00
TreasuryBill230130,20210209, 695500.00, 700988.00, 694000.00, 697478.00,254538486653.00, 364941,88,D,699007.00,696777.00
TreasuryBill230130,20210208, 695200.00, 701000.00, 695200.00, 699007.00,175741475100.00, 251416,63,D,699582.00,695930.00
TreasuryBill230130,20210207, 696211.00, 701000.00, 696211.00, 699582.00,142574181398.00, 203799,76,D,700958.00,701000.00
TreasuryBill230130,20210206, 695610.00, 707799.00, 695610.00, 700958.00,73235359817.00, 104479,60,D,700164.00,700000.00
TreasuryBill230130,20210203, 693016.00, 707999.00, 693016.00, 700164.00,114460765735.00, 163477,79,D,695048.00,697000.00
TreasuryBill230130,20210202, 695000.00, 699899.00, 694010.00, 695048.00,192303668911.00, 276677,91,D,694226.00,695800.00
TreasuryBill230130,20210201, 690022.00, 697790.00, 690021.00, 694226.00,129669680291.00, 186783,97,D,691308.00,697790.00
TreasuryBill230130,20210131, 690001.00, 693500.00, 689010.00, 691308.00,91733135998.00, 132695,75,D,692502.00,693001.00
TreasuryBill230130,20210130, 688255.00, 694000.00, 688255.00, 692502.00,181285350282.00, 261783,100,D,691181.00,693000.00
TreasuryBill230130,20210127, 688109.00, 697000.00, 688109.00, 691181.00,314147323065.00, 454508,106,D,690556.00,695999.00
TreasuryBill230130,20210126, 686221.00, 698800.00, 686221.00, 690556.00,83743013064.00, 121269,46,D,688008.00,690557.00
TreasuryBill230130,20210125, 687061.00, 689900.00, 687000.00, 688008.00,39481360058.00, 57385,40,D,687061.00,688999.00
TreasuryBill230130,20210124, 683000.00, 690000.00, 682000.00, 687061.00,85786389878.00, 124860,74,D,686211.00,689267.00
TreasuryBill230130,20210123, 685000.00, 690000.00, 683500.00, 686211.00,144657996197.00, 210807,84,D,685439.00,683700.00
TreasuryBill230130,20210120, 685300.00, 686683.00, 685001.00, 685439.00,94061466890.00, 137228,84,D,686683.00,685155.00
TreasuryBill230130,20210119, 684020.00, 689500.00, 684006.00, 686683.00,181242483736.00, 263939,94,D,686632.00,685271.00
TreasuryBill230130,20210118, 683202.00, 690000.00, 683202.00, 686632.00,302839900929.00, 441051,133,D,685508.00,684643.00
TreasuryBill230130,20210116, 685900.00, 690010.00, 682609.00, 685508.00,77153268016.00, 112549,59,D,682773.00,683001.00
TreasuryBill230130,20210113, 682068.00, 685000.00, 682068.00, 682773.00,100949998489.00, 147853,55,D,682068.00,685000.00
TreasuryBill230130,20210112, 675001.00, 682603.00, 675001.00, 682068.00,221710379926.00, 325056,86,D,681618.00,682601.00
TreasuryBill230130,20210111, 680000.00, 682888.00, 675000.00, 681618.00,181530502197.00, 266323,91,D,680188.00,676001.00
TreasuryBill230130,20210110, 679200.00, 682990.00, 679200.00, 680188.00,62244040455.00, 91510,65,D,682443.00,680000.00
TreasuryBill230130,20210109, 675004.00, 684000.00, 675000.00, 682443.00,147695668078.00, 216422,100,D,686832.00,682070.00
TreasuryBill230130,20210106, 689999.00, 689999.00, 685513.00, 686832.00,94140679535.00, 137065,58,D,684263.00,686850.00
TreasuryBill230130,20210105, 685010.00, 688999.00, 682221.00, 684263.00,70593394175.00, 103167,62,D,687950.00,688001.00
TreasuryBill230130,20210104, 677083.00, 691000.00, 677083.00, 687950.00,169365047371.00, 246188,59,D,678507.00,684001.00
TreasuryBill230130,20210103, 676005.00, 681000.00, 676000.00, 678507.00,111160562501.00, 163831,70,D,678511.00,681000.00
TreasuryBill230130,20210102, 678013.00, 679977.00, 677782.00, 678511.00,240700960163.00, 354749,85,D,677412.00,678512.00
TreasuryBill230130,20201230, 675001.00, 679500.00, 675001.00, 677412.00,173630813242.00, 256315,82,D,678265.00,677501.00
TreasuryBill230130,20201229, 670002.00, 680000.00, 670002.00, 678265.00,64077059135.00, 94472,39,D,672313.00,677015.00
TreasuryBill230130,20201228, 669000.00, 674000.00, 667300.00, 672313.00,67365068336.00, 100199,54,D,668316.00,671006.00
TreasuryBill230130,20201227, 667403.00, 669967.00, 667103.00, 668316.00,27965679868.00, 41845,39,D,668786.00,669789.00
TreasuryBill230130,20201226, 668430.00, 669970.00, 667911.00, 668786.00,71366184891.00, 106710,43,D,668430.00,668002.00
TreasuryBill230130,20201223, 668999.00, 668999.00, 666600.00, 668430.00,104888072644.00, 156917,44,D,668184.00,667420.00
TreasuryBill230130,20201222, 666004.00, 669999.00, 666000.00, 668184.00,106279971939.00, 159058,58,D,666279.00,668889.00
TreasuryBill230130,20201221, 666711.00, 672998.00, 664296.00, 666279.00,43837153639.00, 65794,68,D,669601.00,666312.00
TreasuryBill230130,20201220, 667101.00, 671000.00, 667101.00, 669601.00,33502824986.00, 50034,43,D,668133.00,668202.00
TreasuryBill230130,20201219, 671961.00, 669000.00, 667712.00, 668133.00,46731208549.00, 69943,42,D,668841.00,669000.00
TreasuryBill230130,20201216, 669001.00, 669800.00, 667501.00, 668841.00,78836307141.00, 117870,32,D,669958.00,668953.00
TreasuryBill230130,20201215, 668070.00, 672000.00, 668010.00, 669958.00,106951365411.00, 159639,50,D,670607.00,668012.00
TreasuryBill230130,20201214, 669900.00, 673000.00, 668001.00, 670607.00,92468021028.00, 137887,60,D,669628.00,669002.00
TreasuryBill230130,20201213, 666415.00, 673930.00, 666114.00, 669628.00,130077222190.00, 194253,57,D,669092.00,669020.00
TreasuryBill230130,20201212, 670010.00, 679899.00, 665126.00, 669092.00,56736982189.00, 84797,47,D,670780.00,672000.00
TreasuryBill230130,20201209, 664099.00, 672312.00, 663011.00, 670780.00,127139704207.00, 189540,69,D,667339.00,672312.00
TreasuryBill230130,20201208, 662376.00, 670000.00, 662376.00, 667339.00,117352222397.00, 175851,56,D,667621.00,669999.00
TreasuryBill230130,20201207, 668100.00, 669990.00, 665302.00, 667621.00,113571629624.00, 170114,51,D,670712.00,666560.00
TreasuryBill230130,20201206, 675000.00, 680000.00, 666222.00, 670712.00,65857869936.00, 98191,76,D,671115.00,670000.00
TreasuryBill230130,20201205, 665001.00, 682630.00, 665001.00, 671115.00,153273860217.00, 228387,74,D,666191.00,682580.00
TreasuryBill230130,20201202, 662733.00, 668001.00, 662733.00, 666191.00,81850263662.00, 122863,59,D,662733.00,664001.00
TreasuryBill230130,20201201, 663652.00, 665500.00, 661100.00, 662733.00,49329847529.00, 74434,47,D,665588.00,663720.00
TreasuryBill230130,20201130, 662000.00, 669999.00, 660000.00, 665588.00,258518413832.00, 388406,154,D,664186.00,664700.00
TreasuryBill230130,20201129, 660000.00, 666400.00, 660000.00, 664186.00,65904515068.00, 99226,71,D,661114.00,664489.00
TreasuryBill230130,20201128, 663999.00, 664000.00, 660000.00, 661114.00,52235954043.00, 79012,53,D,660020.00,660667.00
TreasuryBill230130,20201125, 655844.00, 661788.00, 655843.00, 660020.00,10692979867.00, 16201,20,D,656292.00,661700.00
TreasuryBill230130,20201124, 658950.00, 661165.00, 653000.00, 656292.00,110358090917.00, 168154,72,D,654795.00,661165.00
TreasuryBill230130,20201123, 653000.00, 658501.00, 653000.00, 654795.00,64158811676.00, 97983,51,D,654909.00,655000.00
TreasuryBill230130,20201122, 656989.00, 657000.00, 652001.00, 654909.00,20655182251.00, 31539,26,D,654514.00,656499.00
TreasuryBill230130,20201121, 647139.00, 656000.00, 647139.00, 654514.00,67569432518.00, 103236,32,D,651789.00,656000.00
TreasuryBill230130,20201118, 650000.00, 656000.00, 650000.00, 651789.00,40382880120.00, 61957,20,D,651067.00,653000.00
TreasuryBill230130,20201117, 638559.00, 654000.00, 638559.00, 651067.00,85529974913.00, 131369,47,D,651057.00,652000.00
TreasuryBill230130,20201116, 646000.00, 655000.00, 646000.00, 651057.00,48715317768.00, 74825,40,D,646370.00,650000.00
TreasuryBill230130,20201115, 645990.00, 649986.00, 644000.00, 646370.00,55103041061.00, 85250,53,D,645394.00,645000.00
TreasuryBill230130,20201114, 650916.00, 654000.00, 640000.00, 645394.00,79844305947.00, 123714,78,D,652846.00,645000.00
TreasuryBill230130,20201111, 650006.00, 658000.00, 650002.00, 652846.00,47921497372.00, 73404,16,D,651836.00,658000.00
TreasuryBill230130,20201110, 652179.00, 655000.00, 630011.00, 651836.00,55818647394.00, 85633,39,D,653524.00,653000.00
TreasuryBill230130,20201109, 654478.00, 659798.00, 650049.00, 653524.00,6797956643.00, 10402,13,D,656256.00,659599.00
TreasuryBill230130,20201108, 656000.00, 659899.00, 653690.00, 656256.00,66132882600.00, 100773,21,D,656530.00,659899.00
TreasuryBill230130,20201107, 656990.00, 657000.00, 654301.00, 656530.00,27309662754.00, 41597,19,D,652031.00,655620.00
TreasuryBill230130,20201104, 656267.00, 657980.00, 650001.00, 652031.00,41885176526.00, 64238,29,D,650688.00,652001.00
TreasuryBill230130,20201102, 650501.00, 651999.00, 650501.00, 650688.00,18503626566.00, 28437,13,D,649694.00,651009.00
TreasuryBill230130,20201101, 648509.00, 651900.00, 648000.00, 649694.00,76266230912.00, 117388,59,D,650357.00,650024.00
TreasuryBill230130,20201031, 650000.00, 651000.00, 649039.00, 650357.00,32306472891.00, 49675,35,D,652154.00,650510.00
TreasuryBill230130,20201028, 656000.00, 656000.00, 640520.00, 652154.00,47126640482.00, 72263,36,D,649078.00,649780.00
TreasuryBill230130,20201027, 654999.00, 654999.00, 645539.00, 649078.00,32369532670.00, 49870,17,D,650369.00,651000.00
TreasuryBill230130,20201026, 650863.00, 652997.00, 648220.00, 650369.00,34184065891.00, 52561,64,D,652954.00,652997.00
TreasuryBill230130,20201024, 650500.00, 656400.00, 650500.00, 652954.00,27373776450.00, 41923,26,D,655253.00,651999.00
TreasuryBill230130,20201021, 655001.00, 658000.00, 652836.00, 655253.00,10210809803.00, 15583,17,D,655870.00,652836.00
TreasuryBill230130,20201020, 655990.00, 656995.00, 655002.00, 655870.00,58121206365.00, 88617,30,D,655902.00,656995.00
TreasuryBill230130,20201019, 660000.00, 660000.00, 650604.00, 655902.00,69908616338.00, 106584,39,D,654171.00,650604.00
TreasuryBill230130,20201018, 649800.00, 657000.00, 648649.00, 654171.00,63929533895.00, 97726,33,D,649871.00,657000.00
TreasuryBill230130,20201014, 645660.00, 659865.00, 645660.00, 649871.00,49849691847.00, 76707,49,D,648195.00,650002.00
TreasuryBill230130,20201013, 648501.00, 650000.00, 645627.00, 648195.00,22777568726.00, 35140,40,D,647193.00,650000.00
TreasuryBill230130,20201012, 650000.00, 650001.00, 643522.00, 647193.00,54959652562.00, 84920,54,D,651291.00,647500.00
TreasuryBill230130,20201011, 655130.00, 656448.00, 648294.00, 651291.00,17862309507.00, 27426,28,D,656448.00,651880.00
TreasuryBill230130,20201010, 665992.00, 665992.00, 643379.00, 656448.00,41425147074.00, 63105,38,D,657735.00,655130.00
TreasuryBill230130,20201007, 659999.00, 659999.00, 657001.00, 657735.00,5154672400.00, 7837,5,D,656758.00,658000.00
TreasuryBill230130,20201006, 0.00, 0.00, 0.00, 656758.00,0.00, 0,0,D,656758.00,657102.00
TreasuryBill230130,20201005, 644735.00, 659000.00, 644735.00, 656758.00,62368991001.00, 94965,77,D,659625.00,657102.00
TreasuryBill230130,20201004, 663000.00, 663000.00, 654300.00, 659625.00,20048650200.00, 30394,27,D,664297.00,656000.00
TreasuryBill230130,20201003, 665000.00, 665000.00, 664000.00, 664297.00,35957719939.00, 54129,11,D,664070.00,664000.00
TreasuryBill230130,20200930, 661010.00, 667999.00, 661010.00, 664070.00,22874566260.00, 34446,11,D,661657.00,667998.00
TreasuryBill230130,20200929, 661259.00, 662701.00, 661253.00, 661657.00,26188403650.00, 39580,13,D,662701.00,662300.00
TreasuryBill230130,20200928, 662000.00, 666880.00, 661400.00, 662701.00,108548377083.00, 163797,32,D,663194.00,663500.00
TreasuryBill230130,20200927, 664000.00, 664000.00, 660101.00, 663194.00,49721667022.00, 74973,18,D,662796.00,660101.00
TreasuryBill230130,20200926, 661222.00, 665000.00, 661222.00, 662796.00,27085147292.00, 40865,15,D,663011.00,662600.00
TreasuryBill230130,20200923, 663000.00, 664200.00, 663000.00, 663011.00,2695139400.00, 4065,3,D,661305.00,664200.00
TreasuryBill230130,20200922, 661100.00, 663000.00, 661000.00, 661305.00,31240728842.00, 47241,12,D,661147.00,661500.00
TreasuryBill230130,20200921, 661000.00, 662800.00, 659400.00, 661147.00,46596992840.00, 70479,29,D,659398.00,661000.00
TreasuryBill230130,20200920, 659209.00, 660000.00, 659000.00, 659398.00,16476389741.00, 24987,17,D,658344.00,660000.00
TreasuryBill230130,20200919, 658599.00, 664000.00, 628058.00, 658344.00,51214555844.00, 77793,62,D,660764.00,659000.00
TreasuryBill230130,20200916, 658003.00, 664490.00, 658003.00, 660764.00,58893231907.00, 89129,35,D,656023.00,660200.00
TreasuryBill230130,20200915, 650110.00, 661500.00, 650110.00, 656023.00,43696381950.00, 66608,33,D,1000000.00,658000.00
TreasuryBill230130,20200914, 0.00, 0.00, 0.00, 1000000.00,0.00, 0,0,D,1000000.00,1000000.00
TreasuryBill230130,20200913, 0.00, 0.00, 0.00, 1000000.00,0.00, 0,0,D,1000000.00,1000000.00
TreasuryBill230130,20200912, 0.00, 0.00, 0.00, 1000000.00,0.00, 0,0,D,1000000.00,1000000.00
TreasuryBill230130,20200909, 0.00, 0.00, 0.00, 1000000.00,0.00, 0,0,D,1000000.00,1000000.00
TreasuryBill230130,20200908, 0.00, 0.00, 0.00, 1000000.00,0.00, 0,0,D,1000000.00,1000000.00
TreasuryBill230130,20200907, 0.00, 0.00, 0.00, 1000000.00,0.00, 0,0,D,1000000.00,1000000.00
TreasuryBill230130,20200906, 0.00, 0.00, 0.00, 1000000.00,0.00, 0,0,D,1000000.00,1000000.00
TreasuryBill230130,20200905, 0.00, 0.00, 0.00, 1000000.00,0.00, 0,0,D,1000000.00,1000000.00
TreasuryBill230130,20200902, 0.00, 0.00, 0.00, 1000000.00,0.00, 0,0,D,1000000.00,1000000.00
TreasuryBill230130,20200901, 0.00, 0.00, 0.00, 1000000.00,0.00, 0,0,D,1000000.00,1000000.00
TreasuryBill230130,20200831, 0.00, 0.00, 0.00, 1000000.00,0.00, 0,0,D,1000000.00,1000000.00
TreasuryBill230130,20200826, 0.00, 0.00, 0.00, 1000000.00,0.00, 0,0,D,1000000.00,1000000.00
TreasuryBill230130,20200825, 0.00, 0.00, 0.00, 1000000.00,0.00, 0,0,D,1000000.00,1000000.00
TreasuryBill230130,20200824, 0.00, 0.00, 0.00, 1000000.00,0.00, 0,0,D,1000000.00,1000000.00
TreasuryBill230130,20200823, 0.00, 0.00, 0.00, 1000000.00,0.00, 0,0,D,1000000.00,1000000.00
TreasuryBill230130,20200822, 0.00, 0.00, 0.00, 1000000.00,0.00, 0,0,D,1000000.00,1000000.00
TreasuryBill230130,20200819, 0.00, 0.00, 0.00, 1000000.00,0.00, 0,0,D,1000000.00,1000000.00
TreasuryBill230130,20200818, 0.00, 0.00, 0.00, 1000000.00,0.00, 0,0,D,1000000.00,1000000.00
TreasuryBill230130,20200817, 0.00, 0.00, 0.00, 1000000.00,0.00, 0,0,D,1000000.00,1000000.00
TreasuryBill230130,20200816, 0.00, 0.00, 0.00, 1000000.00,0.00, 0,0,D,1000000.00,1000000.00
TreasuryBill230130,20200815, 0.00, 0.00, 0.00, 1000000.00,0.00, 0,0,D,1000000.00,1000000.00
TreasuryBill230130,20200812, 0.00, 0.00, 0.00, 1000000.00,0.00, 0,0,D,1000000.00,1000000.00
TreasuryBill230130,20200811, 0.00, 0.00, 0.00, 1000000.00,0.00, 0,0,D,1000000.00,1000000.00
TreasuryBill230130,20200810, 0.00, 0.00, 0.00, 1000000.00,0.00, 0,0,D,1000000.00,1000000.00
TreasuryBill230130,20200809, 0.00, 0.00, 0.00, 1000000.00,0.00, 0,0,D,1000000.00,1000000.00
TreasuryBill230130,20200805, 0.00, 0.00, 0.00, 1000000.00,0.00, 0,0,D,1000000.00,1000000.00
TreasuryBill230130,20200804, 0.00, 0.00, 0.00, 1000000.00,0.00, 0,0,D,1000000.00,1000000.00
TreasuryBill230130,20200803, 0.00, 0.00, 0.00, 1000000.00,0.00, 0,0,D,1000000.00,1000000.00
TreasuryBill230130,20200802, 0.00, 0.00, 0.00, 1000000.00,0.00, 0,0,D,1000000.00,1000000.00
TreasuryBill230130,20200801, 0.00, 0.00, 0.00, 1000000.00,0.00, 0,0,D,1000000.00,1000000.00
TreasuryBill230130,20200729, 0.00, 0.00, 0.00, 1000000.00,0.00, 0,0,D,1000000.00,1000000.00
TreasuryBill230130,20200728, 0.00, 0.00, 0.00, 1000000.00,0.00, 0,0,D,1000000.00,1000000.00
TreasuryBill230130,20200727, 0.00, 0.00, 0.00, 1000000.00,0.00, 0,0,D,1000000.00,1000000.00
TreasuryBill230130,20200726, 0.00, 0.00, 0.00, 1000000.00,0.00, 0,0,D,1000000.00,1000000.00
TreasuryBill230130,20200725, 0.00, 0.00, 0.00, 1000000.00,0.00, 0,0,D,1000000.00,1000000.00
TreasuryBill230130,20200722, 0.00, 0.00, 0.00, 1000000.00,0.00, 0,0,D,1000000.00,1000000.00
TreasuryBill230130,20200721, 0.00, 0.00, 0.00, 1000000.00,0.00, 0,0,D,1000000.00,1000000.00
TreasuryBill230130,20200720, 0.00, 0.00, 0.00, 1000000.00,0.00, 0,0,D,1000000.00,1000000.00
TreasuryBill230130,20200719, 0.00, 0.00, 0.00, 1000000.00,0.00, 0,0,D,1000000.00,1000000.00
TreasuryBill230130,20200718, 0.00, 0.00, 0.00, 1000000.00,0.00, 0,0,D,1000000.00,1000000.00
TreasuryBill230130,20200715, 0.00, 0.00, 0.00, 1000000.00,0.00, 0,0,D,1000000.00,1000000.00
TreasuryBill230130,20200714, 0.00, 0.00, 0.00, 1000000.00,0.00, 0,0,D,1000000.00,1000000.00
TreasuryBill230130,20200713, 0.00, 0.00, 0.00, 1000000.00,0.00, 0,0,D,1000000.00,1000000.00
TreasuryBill230130,20200712, 0.00, 0.00, 0.00, 1000000.00,0.00, 0,0,D,1000000.00,1000000.00
TreasuryBill230130,20200711, 0.00, 0.00, 0.00, 1000000.00,0.00, 0,0,D,1000000.00,1000000.00
TreasuryBill230130,20200708, 0.00, 0.00, 0.00, 1000000.00,0.00, 0,0,D,1000000.00,1000000.00
TreasuryBill230130,20200707, 0.00, 0.00, 0.00, 1000000.00,0.00, 0,0,D,1000000.00,1000000.00
TreasuryBill230130,20200706, 0.00, 0.00, 0.00, 1000000.00,0.00, 0,0,D,1000000.00,1000000.00
TreasuryBill230130,20200705, 0.00, 0.00, 0.00, 1000000.00,0.00, 0,0,D,1000000.00,1000000.00
TreasuryBill230130,20200704, 0.00, 0.00, 0.00, 1000000.00,0.00, 0,0,D,1000000.00,1000000.00
TreasuryBill230130,20200701, 0.00, 0.00, 0.00, 1000000.00,0.00, 0,0,D,1000000.00,1000000.00
